scenario,required_gpu,month_seq,month_id,year,month,workplace_revenue,contact_center_revenue,total_revenue,cogs,sga,depreciation_and_amortization,ebit,profit_tax,net_income,operating_cash_flow,investing_cash_flow,pre_financing_cash_flow,opening_cash_before_funding,closing_cash_before_funding,net_ppe,net_intangible_assets,total_assets_pre_funding,total_liabilities_pre_funding,total_equity_pre_funding,infrastructure_scenario,funding_scenario,equity_share,revolver_share,minimum_cash_balance,funding_need,equity_injection,revolver_drawdown,revolver_repayment,opening_revolver_balance,closing_revolver_balance,average_revolver_balance,monthly_revolver_interest_rate,interest_expense,ebt_after_interest,profit_tax_after_interest,net_income_after_interest,operating_cash_flow_after_interest,free_cash_flow_after_financing_costs,closing_cash_after_funding,cash,revolver_balance,paid_in_capital,retained_earnings,total_assets,total_liabilities,total_equity,balance_check
build_own_dc,23.998097,1,2026-10,2026,10,0.0,0.0,0.0,31948800.0,8502000.0,0.0,-40450800.0,0.0,-40450800.0,-40450800.0,-0.0,-40450800.0,0.0,-40450800.0,0.0,0.0,-40450800.0,0.0,-40450800.0,build_own_dc,equity_only,1.0,0.0,40450800.0,80901600.0,80901600.0,0.0,0.0,0.0,0.0,0.0,0.01876927,0.0,-40450800.0,0.0,-40450800.0,-40450800.0,-40450800.0,40450800.0,40450800.0,0.0,80901600.0,-40450800.0,40450800.0,0.0,40450800.0,0.0
build_own_dc,23.998097,2,2026-11,2026,11,0.0,0.0,0.0,31948800.0,8502000.0,0.0,-40450800.0,0.0,-40450800.0,-40450800.0,-0.0,-40450800.0,-40450800.0,-80901600.0,0.0,0.0,-80901600.0,0.0,-80901600.0,build_own_dc,equity_only,1.0,0.0,40450800.0,40450800.0,40450800.0,0.0,0.0,0.0,0.0,0.0,0.01876927,0.0,-40450800.0,0.0,-40450800.0,-40450800.0,-40450800.0,40450800.0,40450800.0,0.0,121352400.0,-80901600.0,40450800.0,0.0,40450800.0,0.0
build_own_dc,23.998097,3,2026-12,2026,12,0.0,0.0,0.0,31948800.0,8502000.0,0.0,-40450800.0,0.0,-40450800.0,-40450800.0,-0.0,-40450800.0,-80901600.0,-121352400.0,0.0,0.0,-121352400.0,0.0,-121352400.0,build_own_dc,equity_only,1.0,0.0,40450800.0,40450800.0,40450800.0,0.0,0.0,0.0,0.0,0.0,0.01876927,0.0,-40450800.0,0.0,-40450800.0,-40450800.0,-40450800.0,40450800.0,40450800.0,0.0,161803200.0,-121352400.0,40450800.0,0.0,40450800.0,0.0
build_own_dc,91.300283,4,2027-01,2027,1,0.0,0.0,0.0,41635776.0,8502000.0,0.0,-50137776.0,0.0,-50137776.0,-50137776.0,-0.0,-50137776.0,-121352400.0,-171490176.0,0.0,0.0,-171490176.0,0.0,-171490176.0,build_own_dc,equity_only,1.0,0.0,50137776.0,59824752.0,59824752.0,0.0,0.0,0.0,0.0,0.0,0.01876927,0.0,-50137776.0,0.0,-50137776.0,-50137776.0,-50137776.0,50137776.0,50137776.0,0.0,221627952.0,-171490176.0,50137776.0,0.0,50137776.0,0.0
build_own_dc,91.300283,5,2027-02,2027,2,0.0,0.0,0.0,50459136.0,8502000.0,0.0,-58961136.0,0.0,-58961136.0,-58961136.0,-0.0,-58961136.0,-171490176.0,-230451312.0,0.0,0.0,-230451312.0,0.0,-230451312.0,build_own_dc,equity_only,1.0,0.0,58961136.0,67784496.0,67784496.0,0.0,0.0,0.0,0.0,0.0,0.01876927,0.0,-58961136.0,0.0,-58961136.0,-58961136.0,-58961136.0,58961136.0,58961136.0,0.0,289412448.0,-230451312.0,58961136.0,0.0,58961136.0,0.0
build_own_dc,91.300283,6,2027-03,2027,3,0.0,0.0,0.0,50459136.0,8502000.0,0.0,-58961136.0,0.0,-58961136.0,-58961136.0,-0.0,-58961136.0,-230451312.0,-289412448.0,0.0,0.0,-289412448.0,0.0,-289412448.0,build_own_dc,equity_only,1.0,0.0,58961136.0,58961136.0,58961136.0,0.0,0.0,0.0,0.0,0.0,0.01876927,0.0,-58961136.0,0.0,-58961136.0,-58961136.0,-58961136.0,58961136.0,58961136.0,0.0,348373584.0,-289412448.0,58961136.0,0.0,58961136.0,0.0
build_own_dc,91.300283,7,2027-04,2027,4,44962503.71,20950616.29,65913120.0,52730496.0,8502000.0,0.0,4680624.0,1170156.0,3510468.0,3510468.0,-0.0,3510468.0,-289412448.0,-285901980.0,0.0,0.0,-285901980.0,0.0,-285901980.0,build_own_dc,equity_only,1.0,0.0,61232496.0,0.0,0.0,0.0,0.0,0.0,0.0,0.0,0.01876927,0.0,4680624.0,1170156.0,3510468.0,3510468.0,3510468.0,62471604.0,62471604.0,0.0,348373584.0,-285901980.0,62471604.0,0.0,62471604.0,0.0
build_own_dc,91.300283,8,2027-05,2027,5,44962503.71,20950616.29,65913120.0,52730496.0,8502000.0,0.0,4680624.0,1170156.0,3510468.0,3510468.0,-0.0,3510468.0,-285901980.0,-282391512.0,0.0,0.0,-282391512.0,0.0,-282391512.0,build_own_dc,equity_only,1.0,0.0,61232496.0,0.0,0.0,0.0,0.0,0.0,0.0,0.0,0.01876927,0.0,4680624.0,1170156.0,3510468.0,3510468.0,3510468.0,65982072.0,65982072.0,0.0,348373584.0,-282391512.0,65982072.0,0.0,65982072.0,0.0
build_own_dc,91.300283,9,2027-06,2027,6,45856390.47,21367129.53,67223520.0,53778816.0,8502000.0,0.0,4942704.0,1235676.0,3707028.0,3707028.0,-0.0,3707028.0,-282391512.0,-278684484.0,0.0,0.0,-278684484.0,0.0,-278684484.0,build_own_dc,equity_only,1.0,0.0,62280816.0,0.0,0.0,0.0,0.0,0.0,0.0,0.0,0.01876927,0.0,4942704.0,1235676.0,3707028.0,3707028.0,3707028.0,69689100.0,69689100.0,0.0,348373584.0,-278684484.0,69689100.0,0.0,69689100.0,0.0
build_own_dc,91.300283,10,2027-07,2027,7,48389069.6,22547250.4,70936320.0,56749056.0,8502000.0,0.0,5685264.0,1421316.0,4263948.0,4263948.0,-0.0,4263948.0,-278684484.0,-274420536.0,0.0,0.0,-274420536.0,0.0,-274420536.0,build_own_dc,equity_only,1.0,0.0,65251056.0,0.0,0.0,0.0,0.0,0.0,0.0,0.0,0.01876927,0.0,5685264.0,1421316.0,4263948.0,4263948.0,4263948.0,73953048.0,73953048.0,0.0,348373584.0,-274420536.0,73953048.0,0.0,73953048.0,0.0
build_own_dc,91.300283,11,2027-08,2027,8,48389069.6,22547250.4,70936320.0,56749056.0,8502000.0,0.0,5685264.0,1421316.0,4263948.0,4263948.0,-0.0,4263948.0,-274420536.0,-270156588.0,0.0,0.0,-270156588.0,0.0,-270156588.0,build_own_dc,equity_only,1.0,0.0,65251056.0,0.0,0.0,0.0,0.0,0.0,0.0,0.0,0.01876927,0.0,5685264.0,1421316.0,4263948.0,4263948.0,4263948.0,78216996.0,78216996.0,0.0,348373584.0,-270156588.0,78216996.0,0.0,78216996.0,0.0
build_own_dc,91.300283,12,2027-09,2027,9,50325824.23,23449695.77,73775520.0,59020416.0,8502000.0,0.0,6253104.0,1563276.0,4689828.0,4689828.0,-0.0,4689828.0,-270156588.0,-265466760.0,0.0,0.0,-265466760.0,0.0,-265466760.0,build_own_dc,equity_only,1.0,0.0,67522416.0,0.0,0.0,0.0,0.0,0.0,0.0,0.0,0.01876927,0.0,6253104.0,1563276.0,4689828.0,4689828.0,4689828.0,82906824.0,82906824.0,0.0,348373584.0,-265466760.0,82906824.0,0.0,82906824.0,0.0
build_own_dc,91.300283,13,2027-10,2027,10,50325824.23,23449695.77,73775520.0,59020416.0,8502000.0,0.0,6253104.0,1563276.0,4689828.0,4689828.0,-0.0,4689828.0,-265466760.0,-260776932.0,0.0,0.0,-260776932.0,0.0,-260776932.0,build_own_dc,equity_only,1.0,0.0,67522416.0,0.0,0.0,0.0,0.0,0.0,0.0,0.0,0.01876927,0.0,6253104.0,1563276.0,4689828.0,4689828.0,4689828.0,87596652.0,87596652.0,0.0,348373584.0,-260776932.0,87596652.0,0.0,87596652.0,0.0
build_own_dc,91.300283,14,2027-11,2027,11,50325824.23,23449695.77,73775520.0,59020416.0,8502000.0,0.0,6253104.0,1563276.0,4689828.0,4689828.0,-0.0,4689828.0,-260776932.0,-256087104.0,0.0,0.0,-256087104.0,0.0,-256087104.0,build_own_dc,equity_only,1.0,0.0,67522416.0,0.0,0.0,0.0,0.0,0.0,0.0,0.0,0.01876927,0.0,6253104.0,1563276.0,4689828.0,4689828.0,4689828.0,92286480.0,92286480.0,0.0,348373584.0,-256087104.0,92286480.0,0.0,92286480.0,0.0
build_own_dc,91.300283,15,2027-12,2027,12,50325824.23,23449695.77,73775520.0,59020416.0,8502000.0,0.0,6253104.0,1563276.0,4689828.0,4689828.0,-0.0,4689828.0,-256087104.0,-251397276.0,0.0,0.0,-251397276.0,0.0,-251397276.0,build_own_dc,equity_only,1.0,0.0,67522416.0,0.0,0.0,0.0,0.0,0.0,0.0,0.0,0.01876927,0.0,6253104.0,1563276.0,4689828.0,4689828.0,4689828.0,96976308.0,96976308.0,0.0,348373584.0,-251397276.0,96976308.0,0.0,96976308.0,0.0
build_own_dc,235.968842,16,2028-01,2028,1,71625671.66,23137797.23,94763468.89,71072601.65,8502000.0,0.02,15188867.22,3797216.81,11391650.42,11391650.44,-1.0,11391649.44,-251397276.0,-240005626.56,0.68,0.0,-240005625.88,0.0,-240005625.88,build_own_dc,equity_only,1.0,0.0,79574601.65,0.0,0.0,0.0,0.0,0.0,0.0,0.0,0.01876927,0.0,15188867.22,3797216.81,11391650.42,11391650.44,11391649.44,108367957.44,108367957.44,0.0,348373584.0,-240005625.59,108367958.12,0.0,108367958.41,-0.29
build_own_dc,235.968842,17,2028-02,2028,2,71625671.66,23137797.23,94763468.89,71072601.65,8502000.0,0.02,15188867.22,3797216.81,11391650.42,11391650.44,-1.0,11391649.44,-240005626.56,-228613977.13,1.66,0.0,-228613975.47,0.0,-228613975.47,build_own_dc,equity_only,1.0,0.0,79574601.65,0.0,0.0,0.0,0.0,0.0,0.0,0.0,0.01876927,0.0,15188867.22,3797216.81,11391650.42,11391650.44,11391649.44,119759606.88,119759606.88,0.0,348373584.0,-228613975.17,119759608.54,0.0,119759608.83,-0.29
build_own_dc,235.968842,18,2028-03,2028,3,71625671.66,23137797.23,94763468.89,71072601.65,8502000.0,0.02,15188867.22,3797216.81,11391650.42,11391650.44,-1.0,11391649.44,-228613977.13,-217222327.69,2.64,0.0,-217222325.05,0.0,-217222325.05,build_own_dc,equity_only,1.0,0.0,79574601.65,0.0,0.0,0.0,0.0,0.0,0.0,0.0,0.01876927,0.0,15188867.22,3797216.81,11391650.42,11391650.44,11391649.44,131151256.32,131151256.32,0.0,348373584.0,-217222324.76,131151258.96,0.0,131151259.24,-0.28
build_own_dc,235.968842,19,2028-04,2028,4,71625671.66,23137797.23,94763468.89,71072601.65,8502000.0,0.02,15188867.22,3797216.81,11391650.42,11391650.44,-1.0,11391649.44,-217222327.69,-205830678.25,3.62,0.0,-205830674.63,0.0,-205830674.63,build_own_dc,equity_only,1.0,0.0,79574601.65,0.0,0.0,0.0,0.0,0.0,0.0,0.0,0.01876927,0.0,15188867.22,3797216.81,11391650.42,11391650.44,11391649.44,142542905.76,142542905.76,0.0,348373584.0,-205830674.34,142542909.38,0.0,142542909.66,-0.28
build_own_dc,235.968842,20,2028-05,2028,5,71625671.66,23137797.23,94763468.89,71072601.65,8502000.0,0.02,15188867.22,3797216.81,11391650.42,11391650.44,-1.0,11391649.44,-205830678.25,-194439028.81,4.6,0.0,-194439024.21,0.0,-194439024.21,build_own_dc,equity_only,1.0,0.0,79574601.65,0.0,0.0,0.0,0.0,0.0,0.0,0.0,0.01876927,0.0,15188867.22,3797216.81,11391650.42,11391650.44,11391649.44,153934555.2,153934555.2,0.0,348373584.0,-194439023.93,153934559.8,0.0,153934560.07,-0.27
build_own_dc,235.968842,21,2028-06,2028,6,76041748.76,24564356.93,100606105.69,75454579.25,8502000.0,0.02,16649526.42,4162381.61,12487144.82,12487144.84,-1.0,12487143.84,-194439028.81,-181951884.98,5.58,0.0,-181951879.4,0.0,-181951879.4,build_own_dc,equity_only,1.0,0.0,83956579.25,0.0,0.0,0.0,0.0,0.0,0.0,0.0,0.01876927,0.0,16649526.42,4162381.6,12487144.81,12487144.83,12487143.83,166421699.04,166421699.04,0.0,348373584.0,-181951879.11,166421704.62,0.0,166421704.89,-0.27
build_own_dc,235.968842,22,2028-07,2028,7,76236865.64,24627387.05,100864252.69,75648185.59,8502000.0,3.93,16714063.17,4178515.79,12535547.38,12535551.31,-235.97,12535315.34,-181951884.98,-169416569.63,155.51,0.0,-169416414.13,0.0,-169416414.13,build_own_dc,equity_only,1.0,0.0,84150185.59,0.0,0.0,0.0,0.0,0.0,0.0,0.0,0.01876927,0.0,16714063.17,4178515.79,12535547.38,12535551.31,12535315.34,178957014.38,178957014.38,0.0,348373584.0,-169416331.73,178957169.89,0.0,178957252.27,-82.38
build_own_dc,235.968842,23,2028-08,2028,8,76236849.2,24627381.74,100864230.93,75648173.2,8502000.0,0.0,16714057.73,4178514.43,12535543.3,12535543.3,-0.0,12535543.3,-169416569.63,-156881026.33,241.97,0.0,-156880784.37,0.0,-156880784.37,build_own_dc,equity_only,1.0,0.0,84150173.2,0.0,0.0,0.0,0.0,0.0,0.0,0.0,0.01876927,0.0,16714057.73,4178514.43,12535543.3,12535543.3,12535543.3,191492557.68,191492557.68,0.0,348373584.0,-156880788.44,191492799.65,0.0,191492795.56,4.09
build_own_dc,235.968842,24,2028-09,2028,9,76236849.2,24627381.74,100864230.93,75648173.2,8502000.0,0.0,16714057.73,4178514.43,12535543.3,12535543.3,-0.0,12535543.3,-156881026.33,-144345483.03,241.97,0.0,-144345241.07,0.0,-144345241.07,build_own_dc,equity_only,1.0,0.0,84150173.2,0.0,0.0,0.0,0.0,0.0,0.0,0.0,0.01876927,0.0,16714057.73,4178514.43,12535543.3,12535543.3,12535543.3,204028100.98,204028100.98,0.0,348373584.0,-144345245.14,204028342.95,0.0,204028338.86,4.09
build_own_dc,235.968842,25,2028-10,2028,10,76236849.2,24627381.74,100864230.93,75648173.2,8502000.0,0.0,16714057.73,4178514.43,12535543.3,12535543.3,-0.0,12535543.3,-144345483.03,-131809939.73,241.97,0.0,-131809697.77,0.0,-131809697.77,build_own_dc,equity_only,1.0,0.0,84150173.2,0.0,0.0,0.0,0.0,0.0,0.0,0.0,0.01876927,0.0,16714057.73,4178514.43,12535543.3,12535543.3,12535543.3,216563644.28,216563644.28,0.0,348373584.0,-131809701.84,216563886.25,0.0,216563882.16,4.09
build_own_dc,235.968842,26,2028-11,2028,11,76236849.2,24627381.74,100864230.93,75648173.2,8502000.0,0.0,16714057.73,4178514.43,12535543.3,12535543.3,-0.0,12535543.3,-131809939.73,-119274396.43,241.97,0.0,-119274154.47,0.0,-119274154.47,build_own_dc,equity_only,1.0,0.0,84150173.2,0.0,0.0,0.0,0.0,0.0,0.0,0.0,0.01876927,0.0,16714057.73,4178514.43,12535543.3,12535543.3,12535543.3,229099187.58,229099187.58,0.0,348373584.0,-119274158.54,229099429.55,0.0,229099425.46,4.09
build_own_dc,235.968842,27,2028-12,2028,12,76236849.2,24627381.74,100864230.93,75648173.2,8502000.0,0.0,16714057.73,4178514.43,12535543.3,12535543.3,-0.0,12535543.3,-119274396.43,-106738853.13,241.97,0.0,-106738611.17,0.0,-106738611.17,build_own_dc,equity_only,1.0,0.0,84150173.2,0.0,0.0,0.0,0.0,0.0,0.0,0.0,0.01876927,0.0,16714057.73,4178514.43,12535543.3,12535543.3,12535543.3,241634730.88,241634730.88,0.0,348373584.0,-106738615.25,241634972.85,0.0,241634968.75,4.1
build_own_dc,474.029941,28,2029-01,2029,1,100063198.73,16908039.18,116971237.91,81879862.57,8502000.0,3.97,26589371.37,6647342.84,19942028.53,19942032.5,-238.06,19941794.44,-106738853.13,-86797058.69,368.87,0.0,-86796689.82,0.0,-86796689.82,build_own_dc,equity_only,1.0,0.0,90381862.57,0.0,0.0,0.0,0.0,0.0,0.0,0.0,0.01876927,0.0,26589371.37,6647342.84,19942028.53,19942032.5,19941794.44,261576525.32,261576525.32,0.0,348373584.0,-86796586.72,261576894.19,0.0,261576997.28,-103.09
build_own_dc,474.029941,29,2029-02,2029,2,100063178.6,16908035.78,116971214.39,81879850.07,8502000.0,0.0,26589364.32,6647341.08,19942023.24,19942023.24,-0.0,19942023.24,-86797058.69,-66855035.46,480.03,0.0,-66854555.43,0.0,-66854555.43,build_own_dc,equity_only,1.0,0.0,90381850.07,0.0,0.0,0.0,0.0,0.0,0.0,0.0,0.01876927,0.0,26589364.32,6647341.08,19942023.24,19942023.24,19942023.24,281518548.56,281518548.56,0.0,348373584.0,-66854563.48,281519028.59,0.0,281519020.52,8.07
build_own_dc,474.029941,30,2029-03,2029,3,100063178.6,16908035.78,116971214.39,81879850.07,8502000.0,0.0,26589364.32,6647341.08,19942023.24,19942023.24,-0.0,19942023.24,-66855035.46,-46913012.22,480.03,0.0,-46912532.19,0.0,-46912532.19,build_own_dc,equity_only,1.0,0.0,90381850.07,0.0,0.0,0.0,0.0,0.0,0.0,0.0,0.01876927,0.0,26589364.32,6647341.08,19942023.24,19942023.24,19942023.24,301460571.8,301460571.8,0.0,348373584.0,-46912540.24,301461051.83,0.0,301461043.76,8.07
build_own_dc,474.029941,31,2029-04,2029,4,100063178.6,16908035.78,116971214.39,81879850.07,8502000.0,0.0,26589364.32,6647341.08,19942023.24,19942023.24,-0.0,19942023.24,-46913012.22,-26970988.98,480.03,0.0,-26970508.95,0.0,-26970508.95,build_own_dc,equity_only,1.0,0.0,90381850.07,0.0,0.0,0.0,0.0,0.0,0.0,0.0,0.01876927,0.0,26589364.32,6647341.08,19942023.24,19942023.24,19942023.24,321402595.04,321402595.04,0.0,348373584.0,-26970517.0,321403075.07,0.0,321403067.0,8.07
build_own_dc,474.029941,32,2029-05,2029,5,100063178.6,16908035.78,116971214.39,81879850.07,8502000.0,0.0,26589364.32,6647341.08,19942023.24,19942023.24,-0.0,19942023.24,-26970988.98,-7028965.75,480.03,0.0,-7028485.72,0.0,-7028485.72,build_own_dc,equity_only,1.0,0.0,90381850.07,0.0,0.0,0.0,0.0,0.0,0.0,0.0,0.01876927,0.0,26589364.32,6647341.08,19942023.24,19942023.24,19942023.24,341344618.28,341344618.28,0.0,348373584.0,-7028493.76,341345098.31,0.0,341345090.24,8.07
build_own_dc,474.029941,33,2029-06,2029,6,100063178.6,16908035.78,116971214.39,81879850.07,8502000.0,0.0,26589364.32,6647341.08,19942023.24,19942023.24,-0.0,19942023.24,-7028965.75,12913057.49,480.03,0.0,12913537.52,0.0,12913537.52,build_own_dc,equity_only,1.0,0.0,90381850.07,0.0,0.0,0.0,0.0,0.0,0.0,0.0,0.01876927,0.0,26589364.32,6647341.08,19942023.24,19942023.24,19942023.24,361286641.52,361286641.52,0.0,348373584.0,12913529.48,361287121.55,0.0,361287113.48,8.07
build_own_dc,474.029941,34,2029-07,2029,7,100063178.6,16908035.78,116971214.39,81879850.07,8502000.0,0.0,26589364.32,6647341.08,19942023.24,19942023.24,-0.0,19942023.24,12913057.49,32855080.73,480.03,0.0,32855560.76,0.0,32855560.76,build_own_dc,equity_only,1.0,0.0,90381850.07,0.0,0.0,0.0,0.0,0.0,0.0,0.0,0.01876927,0.0,26589364.32,6647341.08,19942023.24,19942023.24,19942023.24,381228664.76,381228664.76,0.0,348373584.0,32855552.72,381229144.79,0.0,381229136.72,8.07
build_own_dc,474.029941,35,2029-08,2029,8,100063178.6,16908035.78,116971214.39,81879850.07,8502000.0,0.0,26589364.32,6647341.08,19942023.24,19942023.24,-0.0,19942023.24,32855080.73,52797103.96,480.03,0.0,52797583.99,0.0,52797583.99,build_own_dc,equity_only,1.0,0.0,90381850.07,0.0,0.0,0.0,0.0,0.0,0.0,0.0,0.01876927,0.0,26589364.32,6647341.08,19942023.24,19942023.24,19942023.24,401170688.0,401170688.0,0.0,348373584.0,52797575.96,401171168.03,0.0,401171159.96,8.07
build_own_dc,474.029941,36,2029-09,2029,9,100063178.6,16908035.78,116971214.39,81879850.07,8502000.0,0.0,26589364.32,6647341.08,19942023.24,19942023.24,-0.0,19942023.24,52797103.96,72739127.2,480.03,0.0,72739607.23,0.0,72739607.23,build_own_dc,equity_only,1.0,0.0,90381850.07,0.0,0.0,0.0,0.0,0.0,0.0,0.0,0.01876927,0.0,26589364.32,6647341.08,19942023.24,19942023.24,19942023.24,421112711.24,421112711.24,0.0,348373584.0,72739599.2,421113191.27,0.0,421113183.2,8.07
build_own_dc,474.029941,37,2029-10,2029,10,100063178.6,16908035.78,116971214.39,81879850.07,8502000.0,0.0,26589364.32,6647341.08,19942023.24,19942023.24,-0.0,19942023.24,72739127.2,92681150.44,480.03,0.0,92681630.47,0.0,92681630.47,build_own_dc,equity_only,1.0,0.0,90381850.07,0.0,0.0,0.0,0.0,0.0,0.0,0.0,0.01876927,0.0,26589364.32,6647341.08,19942023.24,19942023.24,19942023.24,441054734.48,441054734.48,0.0,348373584.0,92681622.44,441055214.51,0.0,441055206.44,8.07
build_own_dc,474.029941,38,2029-11,2029,11,100063178.6,16908035.78,116971214.39,81879850.07,8502000.0,0.0,26589364.32,6647341.08,19942023.24,19942023.24,-0.0,19942023.24,92681150.44,112623173.67,480.03,0.0,112623653.7,0.0,112623653.7,build_own_dc,equity_only,1.0,0.0,90381850.07,0.0,0.0,0.0,0.0,0.0,0.0,0.0,0.01876927,0.0,26589364.32,6647341.08,19942023.24,19942023.24,19942023.24,460996757.72,460996757.72,0.0,348373584.0,112623645.68,460997237.75,0.0,460997229.68,8.07
build_own_dc,474.029941,39,2029-12,2029,12,100063178.6,16908035.78,116971214.39,81879850.07,8502000.0,0.0,26589364.32,6647341.08,19942023.24,19942023.24,-0.0,19942023.24,112623173.67,132565196.91,480.03,0.0,132565676.94,0.0,132565676.94,build_own_dc,equity_only,1.0,0.0,90381850.07,0.0,0.0,0.0,0.0,0.0,0.0,0.0,0.01876927,0.0,26589364.32,6647341.08,19942023.24,19942023.24,19942023.24,480938780.96,480938780.96,0.0,348373584.0,132565668.92,480939260.99,0.0,480939252.92,8.07
build_own_dc,533.950803,40,2030-01,2030,1,116091650.21,17475228.76,133566878.97,86818470.33,8502000.0,1.0,38246407.64,9561601.91,28684805.73,28684806.73,-59.92,28684746.81,132565196.91,161249943.72,499.95,0.0,161250443.67,0.0,161250443.67,build_own_dc,equity_only,1.0,0.0,95320470.33,0.0,0.0,0.0,0.0,0.0,0.0,0.0,0.01876927,0.0,38246407.64,9561601.91,28684805.73,28684806.73,28684746.81,509623527.77,509623527.77,0.0,348373584.0,161250474.65,509624027.72,0.0,509624058.65,-30.93
build_own_dc,533.950803,41,2030-02,2030,2,116091644.67,17475227.93,133566872.6,86818467.19,8502000.0,0.0,38246405.41,9561601.35,28684804.06,28684804.06,-0.0,28684804.06,161249943.72,189934747.78,539.95,0.0,189935287.73,0.0,189935287.73,build_own_dc,equity_only,1.0,0.0,95320467.19,0.0,0.0,0.0,0.0,0.0,0.0,0.0,0.01876927,0.0,38246405.41,9561601.35,28684804.06,28684804.06,28684804.06,538308331.83,538308331.83,0.0,348373584.0,189935278.71,538308871.78,0.0,538308862.71,9.07
build_own_dc,533.950803,42,2030-03,2030,3,116091644.67,17475227.93,133566872.6,86818467.19,8502000.0,0.0,38246405.41,9561601.35,28684804.06,28684804.06,-0.0,28684804.06,189934747.78,218619551.83,539.95,0.0,218620091.78,0.0,218620091.78,build_own_dc,equity_only,1.0,0.0,95320467.19,0.0,0.0,0.0,0.0,0.0,0.0,0.0,0.01876927,0.0,38246405.41,9561601.35,28684804.06,28684804.06,28684804.06,566993135.89,566993135.89,0.0,348373584.0,218620082.77,566993675.84,0.0,566993666.77,9.07
build_own_dc,533.950803,43,2030-04,2030,4,116091644.67,17475227.93,133566872.6,86818467.19,8502000.0,0.0,38246405.41,9561601.35,28684804.06,28684804.06,-0.0,28684804.06,218619551.83,247304355.89,539.95,0.0,247304895.84,0.0,247304895.84,build_own_dc,equity_only,1.0,0.0,95320467.19,0.0,0.0,0.0,0.0,0.0,0.0,0.0,0.01876927,0.0,38246405.41,9561601.35,28684804.06,28684804.06,28684804.06,595677939.95,595677939.95,0.0,348373584.0,247304886.82,595678479.9,0.0,595678470.83,9.08
build_own_dc,533.950803,44,2030-05,2030,5,116091644.67,17475227.93,133566872.6,86818467.19,8502000.0,0.0,38246405.41,9561601.35,28684804.06,28684804.06,-0.0,28684804.06,247304355.89,275989159.95,539.95,0.0,275989699.9,0.0,275989699.9,build_own_dc,equity_only,1.0,0.0,95320467.19,0.0,0.0,0.0,0.0,0.0,0.0,0.0,0.01876927,0.0,38246405.41,9561601.35,28684804.06,28684804.06,28684804.06,624362744.01,624362744.01,0.0,348373584.0,275989690.88,624363283.96,0.0,624363274.88,9.08
build_own_dc,533.950803,45,2030-06,2030,6,116091644.67,17475227.93,133566872.6,86818467.19,8502000.0,0.0,38246405.41,9561601.35,28684804.06,28684804.06,-0.0,28684804.06,275989159.95,304673964.01,539.95,0.0,304674503.96,0.0,304674503.96,build_own_dc,equity_only,1.0,0.0,95320467.19,0.0,0.0,0.0,0.0,0.0,0.0,0.0,0.01876927,0.0,38246405.41,9561601.35,28684804.06,28684804.06,28684804.06,653047548.07,653047548.07,0.0,348373584.0,304674494.94,653048088.02,0.0,653048078.94,9.08
build_own_dc,533.950803,46,2030-07,2030,7,116091644.67,17475227.93,133566872.6,86818467.19,8502000.0,0.0,38246405.41,9561601.35,28684804.06,28684804.06,-0.0,28684804.06,304673964.01,333358768.06,539.95,0.0,333359308.01,0.0,333359308.01,build_own_dc,equity_only,1.0,0.0,95320467.19,0.0,0.0,0.0,0.0,0.0,0.0,0.0,0.01876927,0.0,38246405.41,9561601.35,28684804.06,28684804.06,28684804.06,681732352.13,681732352.13,0.0,348373584.0,333359299.0,681732892.08,0.0,681732883.0,9.08
build_own_dc,533.950803,47,2030-08,2030,8,116091644.67,17475227.93,133566872.6,86818467.19,8502000.0,0.0,38246405.41,9561601.35,28684804.06,28684804.06,-0.0,28684804.06,333358768.06,362043572.12,539.95,0.0,362044112.07,0.0,362044112.07,build_own_dc,equity_only,1.0,0.0,95320467.19,0.0,0.0,0.0,0.0,0.0,0.0,0.0,0.01876927,0.0,38246405.41,9561601.35,28684804.06,28684804.06,28684804.06,710417156.19,710417156.19,0.0,348373584.0,362044103.06,710417696.14,0.0,710417687.06,9.08
build_own_dc,533.950803,48,2030-09,2030,9,116091644.67,17475227.93,133566872.6,86818467.19,8502000.0,0.0,38246405.41,9561601.35,28684804.06,28684804.06,-0.0,28684804.06,362043572.12,390728376.18,539.95,0.0,390728916.13,0.0,390728916.13,build_own_dc,equity_only,1.0,0.0,95320467.19,0.0,0.0,0.0,0.0,0.0,0.0,0.0,0.01876927,0.0,38246405.41,9561601.35,28684804.06,28684804.06,28684804.06,739101960.25,739101960.25,0.0,348373584.0,390728907.11,739102500.2,0.0,739102491.11,9.09
build_own_dc,533.950803,49,2030-10,2030,10,116091644.67,17475227.93,133566872.6,86818467.19,8502000.0,0.0,38246405.41,9561601.35,28684804.06,28684804.06,-0.0,28684804.06,390728376.18,419413180.24,539.95,0.0,419413720.19,0.0,419413720.19,build_own_dc,equity_only,1.0,0.0,95320467.19,0.0,0.0,0.0,0.0,0.0,0.0,0.0,0.01876927,0.0,38246405.41,9561601.35,28684804.06,28684804.06,28684804.06,767786764.31,767786764.31,0.0,348373584.0,419413711.17,767787304.26,0.0,767787295.17,9.09
build_own_dc,533.950803,50,2030-11,2030,11,116091644.67,17475227.93,133566872.6,86818467.19,8502000.0,0.0,38246405.41,9561601.35,28684804.06,28684804.06,-0.0,28684804.06,419413180.24,448097984.29,539.95,0.0,448098524.24,0.0,448098524.24,build_own_dc,equity_only,1.0,0.0,95320467.19,0.0,0.0,0.0,0.0,0.0,0.0,0.0,0.01876927,0.0,38246405.41,9561601.35,28684804.06,28684804.06,28684804.06,796471568.37,796471568.37,0.0,348373584.0,448098515.23,796472108.32,0.0,796472099.23,9.09
build_own_dc,533.950803,51,2030-12,2030,12,116091644.67,17475227.93,133566872.6,86818467.19,8502000.0,0.0,38246405.41,9561601.35,28684804.06,28684804.06,-0.0,28684804.06,448097984.29,476782788.35,539.95,0.0,476783328.3,0.0,476783328.3,build_own_dc,equity_only,1.0,0.0,95320467.19,0.0,0.0,0.0,0.0,0.0,0.0,0.0,0.01876927,0.0,38246405.41,9561601.35,28684804.06,28684804.06,28684804.06,825156372.43,825156372.43,0.0,348373584.0,476783319.29,825156912.38,0.0,825156903.29,9.09
build_own_dc,23.998097,1,2026-10,2026,10,0.0,0.0,0.0,31948800.0,8502000.0,0.0,-40450800.0,0.0,-40450800.0,-40450800.0,-0.0,-40450800.0,0.0,-40450800.0,0.0,0.0,-40450800.0,0.0,-40450800.0,build_own_dc,revolver_only,0.0,1.0,40450800.0,80901600.0,0.0,80901600.0,0.0,0.0,80901600.0,40450800.0,0.01876927,759231.79,-41210031.79,0.0,-41210031.79,-41210031.79,-41210031.79,39691568.21,39691568.21,80901600.0,0.0,-41210031.79,39691568.21,80901600.0,-41210031.79,0.0
build_own_dc,23.998097,2,2026-11,2026,11,0.0,0.0,0.0,31948800.0,8502000.0,0.0,-40450800.0,0.0,-40450800.0,-40450800.0,-0.0,-40450800.0,-40450800.0,-80901600.0,0.0,0.0,-80901600.0,0.0,-80901600.0,build_own_dc,revolver_only,0.0,1.0,40450800.0,41210031.79,0.0,41210031.79,0.0,80901600.0,122111631.79,101506615.89,0.01876927,1905204.59,-42356004.59,0.0,-42356004.59,-42356004.59,-42356004.59,38545595.41,38545595.41,122111631.79,0.0,-83566036.37,38545595.41,122111631.79,-83566036.37,0.0
build_own_dc,23.998097,3,2026-12,2026,12,0.0,0.0,0.0,31948800.0,8502000.0,0.0,-40450800.0,0.0,-40450800.0,-40450800.0,-0.0,-40450800.0,-80901600.0,-121352400.0,0.0,0.0,-121352400.0,0.0,-121352400.0,build_own_dc,revolver_only,0.0,1.0,40450800.0,42356004.59,0.0,42356004.59,0.0,122111631.79,164467636.37,143289634.08,0.01876927,2689441.13,-43140241.13,0.0,-43140241.13,-43140241.13,-43140241.13,37761358.87,37761358.87,164467636.37,0.0,-126706277.51,37761358.87,164467636.37,-126706277.51,0.0
build_own_dc,91.300283,4,2027-01,2027,1,0.0,0.0,0.0,41635776.0,8502000.0,0.0,-50137776.0,0.0,-50137776.0,-50137776.0,-0.0,-50137776.0,-121352400.0,-171490176.0,0.0,0.0,-171490176.0,0.0,-171490176.0,build_own_dc,revolver_only,0.0,1.0,50137776.0,62514193.13,0.0,62514193.13,0.0,164467636.37,226981829.51,195724732.94,0.01876927,3673609.4,-53811385.4,0.0,-53811385.4,-53811385.4,-53811385.4,46464166.6,46464166.6,226981829.51,0.0,-180517662.91,46464166.6,226981829.51,-180517662.91,0.0
build_own_dc,91.300283,5,2027-02,2027,2,0.0,0.0,0.0,50459136.0,8502000.0,0.0,-58961136.0,0.0,-58961136.0,-58961136.0,-0.0,-58961136.0,-171490176.0,-230451312.0,0.0,0.0,-230451312.0,0.0,-230451312.0,build_own_dc,revolver_only,0.0,1.0,58961136.0,71458105.4,0.0,71458105.4,0.0,226981829.51,298439934.91,262710882.21,0.01876927,4930890.2,-63892026.2,0.0,-63892026.2,-63892026.2,-63892026.2,54030245.8,54030245.8,298439934.91,0.0,-244409689.11,54030245.8,298439934.91,-244409689.11,0.0
build_own_dc,91.300283,6,2027-03,2027,3,0.0,0.0,0.0,50459136.0,8502000.0,0.0,-58961136.0,0.0,-58961136.0,-58961136.0,-0.0,-58961136.0,-230451312.0,-289412448.0,0.0,0.0,-289412448.0,0.0,-289412448.0,build_own_dc,revolver_only,0.0,1.0,58961136.0,63892026.2,0.0,63892026.2,0.0,298439934.91,362331961.11,330385948.01,0.01876927,6201101.45,-65162237.45,0.0,-65162237.45,-65162237.45,-65162237.45,52760034.55,52760034.55,362331961.11,0.0,-309571926.56,52760034.55,362331961.11,-309571926.56,0.0
build_own_dc,91.300283,7,2027-04,2027,4,44962503.71,20950616.29,65913120.0,52730496.0,8502000.0,0.0,4680624.0,1170156.0,3510468.0,3510468.0,-0.0,3510468.0,-289412448.0,-285901980.0,0.0,0.0,-285901980.0,0.0,-285901980.0,build_own_dc,revolver_only,0.0,1.0,61232496.0,4961993.45,0.0,4961993.45,0.0,362331961.11,367293954.56,364812957.83,0.01876927,6847271.13,-2166647.13,0.0,-2166647.13,-2166647.13,-2166647.13,54385224.87,54385224.87,367293954.56,0.0,-311738573.68,54385224.87,367293954.56,-311738573.68,-1170156.0
build_own_dc,91.300283,8,2027-05,2027,5,44962503.71,20950616.29,65913120.0,52730496.0,8502000.0,0.0,4680624.0,1170156.0,3510468.0,3510468.0,-0.0,3510468.0,-285901980.0,-282391512.0,0.0,0.0,-282391512.0,0.0,-282391512.0,build_own_dc,revolver_only,0.0,1.0,61232496.0,3336803.13,0.0,3336803.13,0.0,367293954.56,370630757.68,368962356.12,0.01876927,6925152.28,-2244528.28,0.0,-2244528.28,-2244528.28,-2244528.28,54307343.72,54307343.72,370630757.68,0.0,-313983101.97,54307343.72,370630757.68,-313983101.97,-2340312.0
build_own_dc,91.300283,9,2027-06,2027,6,45856390.47,21367129.53,67223520.0,53778816.0,8502000.0,0.0,4942704.0,1235676.0,3707028.0,3707028.0,-0.0,3707028.0,-282391512.0,-278684484.0,0.0,0.0,-278684484.0,0.0,-278684484.0,build_own_dc,revolver_only,0.0,1.0,62280816.0,4266444.28,0.0,4266444.28,0.0,370630757.68,374897201.97,372763979.82,0.01876927,6996505.97,-2053801.97,0.0,-2053801.97,-2053801.97,-2053801.97,55284310.03,55284310.03,374897201.97,0.0,-316036903.93,55284310.03,374897201.97,-316036903.93,-3575988.0
build_own_dc,91.300283,10,2027-07,2027,7,48389069.6,22547250.4,70936320.0,56749056.0,8502000.0,0.0,5685264.0,1421316.0,4263948.0,4263948.0,-0.0,4263948.0,-278684484.0,-274420536.0,0.0,0.0,-274420536.0,0.0,-274420536.0,build_own_dc,revolver_only,0.0,1.0,65251056.0,5702797.97,0.0,5702797.97,0.0,374897201.97,380599999.93,377748600.95,0.01876927,7090063.64,-1404799.64,0.0,-1404799.64,-1404799.64,-1404799.64,58160992.36,58160992.36,380599999.93,0.0,-317441703.57,58160992.36,380599999.93,-317441703.57,-4997304.0
build_own_dc,91.300283,11,2027-08,2027,8,48389069.6,22547250.4,70936320.0,56749056.0,8502000.0,0.0,5685264.0,1421316.0,4263948.0,4263948.0,-0.0,4263948.0,-274420536.0,-270156588.0,0.0,0.0,-270156588.0,0.0,-270156588.0,build_own_dc,revolver_only,0.0,1.0,65251056.0,2826115.64,0.0,2826115.64,0.0,380599999.93,383426115.57,382013057.75,0.01876927,7170104.36,-1484840.36,0.0,-1484840.36,-1484840.36,-1484840.36,58080951.64,58080951.64,383426115.57,0.0,-318926543.93,58080951.64,383426115.57,-318926543.93,-6418620.0
build_own_dc,91.300283,12,2027-09,2027,9,50325824.23,23449695.77,73775520.0,59020416.0,8502000.0,0.0,6253104.0,1563276.0,4689828.0,4689828.0,-0.0,4689828.0,-270156588.0,-265466760.0,0.0,0.0,-265466760.0,0.0,-265466760.0,build_own_dc,revolver_only,0.0,1.0,67522416.0,4751636.36,0.0,4751636.36,0.0,383426115.57,388177751.93,385801933.75,0.01876927,7241218.78,-988114.78,0.0,-988114.78,-988114.78,-988114.78,60281197.22,60281197.22,388177751.93,0.0,-319914658.71,60281197.22,388177751.93,-319914658.71,-7981896.0
build_own_dc,91.300283,13,2027-10,2027,10,50325824.23,23449695.77,73775520.0,59020416.0,8502000.0,0.0,6253104.0,1563276.0,4689828.0,4689828.0,-0.0,4689828.0,-265466760.0,-260776932.0,0.0,0.0,-260776932.0,0.0,-260776932.0,build_own_dc,revolver_only,0.0,1.0,67522416.0,2551390.78,0.0,2551390.78,0.0,388177751.93,390729142.71,389453447.32,0.01876927,7309755.01,-1056651.01,0.0,-1056651.01,-1056651.01,-1056651.01,60212660.99,60212660.99,390729142.71,0.0,-320971309.72,60212660.99,390729142.71,-320971309.72,-9545172.0
build_own_dc,91.300283,14,2027-11,2027,11,50325824.23,23449695.77,73775520.0,59020416.0,8502000.0,0.0,6253104.0,1563276.0,4689828.0,4689828.0,-0.0,4689828.0,-260776932.0,-256087104.0,0.0,0.0,-256087104.0,0.0,-256087104.0,build_own_dc,revolver_only,0.0,1.0,67522416.0,2619927.01,0.0,2619927.01,0.0,390729142.71,393349069.72,392039106.21,0.01876927,7358285.92,-1105181.92,0.0,-1105181.92,-1105181.92,-1105181.92,60164130.08,60164130.08,393349069.72,0.0,-322076491.64,60164130.08,393349069.72,-322076491.64,-11108448.0
build_own_dc,91.300283,15,2027-12,2027,12,50325824.23,23449695.77,73775520.0,59020416.0,8502000.0,0.0,6253104.0,1563276.0,4689828.0,4689828.0,-0.0,4689828.0,-256087104.0,-251397276.0,0.0,0.0,-251397276.0,0.0,-251397276.0,build_own_dc,revolver_only,0.0,1.0,67522416.0,2668457.92,0.0,2668457.92,0.0,393349069.72,396017527.64,394683298.68,0.01876927,7407915.47,-1154811.47,0.0,-1154811.47,-1154811.47,-1154811.47,60114500.53,60114500.53,396017527.64,0.0,-323231303.11,60114500.53,396017527.64,-323231303.11,-12671724.0
build_own_dc,235.968842,16,2028-01,2028,1,71625671.66,23137797.23,94763468.89,71072601.65,8502000.0,0.02,15188867.22,3797216.81,11391650.42,11391650.44,-1.0,11391649.44,-251397276.0,-240005626.56,0.68,0.0,-240005625.88,0.0,-240005625.88,build_own_dc,revolver_only,0.0,1.0,79574601.65,8068451.68,0.0,8068451.68,0.0,396017527.64,404085979.32,400051753.48,0.01876927,7508677.42,7680189.8,1920047.45,5760142.35,5760142.37,5760141.37,72065924.23,72065924.23,404085979.32,0.0,-317471160.76,72065924.91,404085979.32,-317471160.76,-14548893.65
build_own_dc,235.968842,17,2028-02,2028,2,71625671.66,23137797.23,94763468.89,71072601.65,8502000.0,0.02,15188867.22,3797216.81,11391650.42,11391650.44,-1.0,11391649.44,-240005626.56,-228613977.13,1.66,0.0,-228613975.47,0.0,-228613975.47,build_own_dc,revolver_only,0.0,1.0,79574601.65,0.0,0.0,0.0,3882972.02,404085979.32,400203007.3,402144493.31,0.01876927,7547956.61,7640910.61,1910227.65,5730682.96,5730682.98,5730681.98,72026645.04,72026645.04,400203007.3,0.0,-311740477.81,72026646.7,400203007.3,-311740477.81,-16435882.8
build_own_dc,235.968842,18,2028-03,2028,3,71625671.66,23137797.23,94763468.89,71072601.65,8502000.0,0.02,15188867.22,3797216.81,11391650.42,11391650.44,-1.0,11391649.44,-228613977.13,-217222327.69,2.64,0.0,-217222325.05,0.0,-217222325.05,build_own_dc,revolver_only,0.0,1.0,79574601.65,0.0,0.0,0.0,3843692.83,400203007.3,396359314.48,398281160.89,0.01876927,7475444.7,7713422.52,1928355.63,5785066.89,5785066.91,5785065.91,72099156.95,72099156.95,396359314.48,0.0,-305955410.92,72099159.59,396359314.48,-305955410.92,-18304743.97
build_own_dc,235.968842,19,2028-04,2028,4,71625671.66,23137797.23,94763468.89,71072601.65,8502000.0,0.02,15188867.22,3797216.81,11391650.42,11391650.44,-1.0,11391649.44,-217222327.69,-205830678.25,3.62,0.0,-205830674.63,0.0,-205830674.63,build_own_dc,revolver_only,0.0,1.0,79574601.65,0.0,0.0,0.0,3916204.74,396359314.48,392443109.74,394401212.11,0.01876927,7402620.91,7786246.31,1946561.58,5839684.73,5839684.75,5839683.75,72171980.74,72171980.74,392443109.74,0.0,-300115726.19,72171984.36,392443109.74,-300115726.19,-20155399.19
build_own_dc,235.968842,20,2028-05,2028,5,71625671.66,23137797.23,94763468.89,71072601.65,8502000.0,0.02,15188867.22,3797216.81,11391650.42,11391650.44,-1.0,11391649.44,-205830678.25,-194439028.81,4.6,0.0,-194439024.21,0.0,-194439024.21,build_own_dc,revolver_only,0.0,1.0,79574601.65,0.0,0.0,0.0,3989028.53,392443109.74,388454081.21,390448595.48,0.01876927,7328433.2,7860434.02,1965108.5,5895325.51,5895325.53,5895324.53,72246168.45,72246168.45,388454081.21,0.0,-294220400.68,72246173.05,388454081.21,-294220400.68,-21987507.49
build_own_dc,235.968842,21,2028-06,2028,6,76041748.76,24564356.93,100606105.69,75454579.25,8502000.0,0.02,16649526.42,4162381.61,12487144.82,12487144.84,-1.0,12487143.84,-194439028.81,-181951884.98,5.58,0.0,-181951879.4,0.0,-181951879.4,build_own_dc,revolver_only,0.0,1.0,83956579.25,0.0,0.0,0.0,776733.04,388454081.21,387677348.18,388065714.69,0.01876927,7283708.28,9365818.14,2341454.53,7024363.6,7024363.62,7024362.62,76672870.97,76672870.97,387677348.18,0.0,-287196037.08,76672876.55,387677348.18,-287196037.08,-23808434.55
build_own_dc,235.968842,22,2028-07,2028,7,76236865.64,24627387.05,100864252.69,75648185.59,8502000.0,3.93,16714063.17,4178515.79,12535547.38,12535551.31,-235.97,12535315.34,-181951884.98,-169416569.63,155.51,0.0,-169416414.13,0.0,-169416414.13,build_own_dc,revolver_only,0.0,1.0,84150185.59,0.0,0.0,0.0,5058000.72,387677348.18,382619347.46,385148347.82,0.01876927,7228951.45,9485111.72,2371277.93,7113833.79,7113837.72,7113601.75,76921234.14,76921234.14,382619347.46,0.0,-280082203.29,76921389.65,382619347.46,-280082203.29,-25615754.53
build_own_dc,235.968842,23,2028-08,2028,8,76236849.2,24627381.74,100864230.93,75648173.2,8502000.0,0.0,16714057.73,4178514.43,12535543.3,12535543.3,-0.0,12535543.3,-169416569.63,-156881026.33,241.97,0.0,-156880784.37,0.0,-156880784.37,build_own_dc,revolver_only,0.0,1.0,84150173.2,0.0,0.0,0.0,5306604.24,382619347.46,377312743.22,379966045.34,0.01876927,7131683.44,9582374.29,2395593.57,7186780.72,7186780.72,7186780.72,77018489.76,77018489.76,377312743.22,0.0,-272895422.57,77018731.73,377312743.22,-272895422.57,-27398588.92
build_own_dc,235.968842,24,2028-09,2028,9,76236849.2,24627381.74,100864230.93,75648173.2,8502000.0,0.0,16714057.73,4178514.43,12535543.3,12535543.3,-0.0,12535543.3,-156881026.33,-144345483.03,241.97,0.0,-144345241.07,0.0,-144345241.07,build_own_dc,revolver_only,0.0,1.0,84150173.2,0.0,0.0,0.0,5403859.86,377312743.22,371908883.36,374610813.29,0.01876927,7031169.67,9682888.06,2420722.01,7262166.04,7262166.04,7262166.04,77119003.53,77119003.53,371908883.36,0.0,-265633256.53,77119245.5,371908883.36,-265633256.53,-29156381.34
build_own_dc,235.968842,25,2028-10,2028,10,76236849.2,24627381.74,100864230.93,75648173.2,8502000.0,0.0,16714057.73,4178514.43,12535543.3,12535543.3,-0.0,12535543.3,-144345483.03,-131809939.73,241.97,0.0,-131809697.77,0.0,-131809697.77,build_own_dc,revolver_only,0.0,1.0,84150173.2,0.0,0.0,0.0,5504373.63,371908883.36,366404509.74,369156696.55,0.01876927,6928799.91,9785257.82,2446314.46,7338943.37,7338943.37,7338943.37,77221373.29,77221373.29,366404509.74,0.0,-258294313.16,77221615.26,366404509.74,-258294313.16,-30888581.31
build_own_dc,235.968842,26,2028-11,2028,11,76236849.2,24627381.74,100864230.93,75648173.2,8502000.0,0.0,16714057.73,4178514.43,12535543.3,12535543.3,-0.0,12535543.3,-131809939.73,-119274396.43,241.97,0.0,-119274154.47,0.0,-119274154.47,build_own_dc,revolver_only,0.0,1.0,84150173.2,0.0,0.0,0.0,5606743.39,366404509.74,360797766.35,363601138.04,0.01876927,6824526.16,9889531.57,2472382.89,7417148.68,7417148.68,7417148.68,77325647.04,77325647.04,360797766.35,0.0,-250877164.48,77325889.01,360797766.35,-250877164.48,-32594712.85
build_own_dc,235.968842,27,2028-12,2028,12,76236849.2,24627381.74,100864230.93,75648173.2,8502000.0,0.0,16714057.73,4178514.43,12535543.3,12535543.3,-0.0,12535543.3,-119274396.43,-106738853.13,241.97,0.0,-106738611.17,0.0,-106738611.17,build_own_dc,revolver_only,0.0,1.0,84150173.2,0.0,0.0,0.0,5711017.14,360797766.35,355086749.2,357942257.77,0.01876927,6718313.13,9995744.6,2498936.15,7496808.45,7496808.45,7496808.45,77431860.07,77431860.07,355086749.2,0.0,-243380356.04,77432102.04,355086749.2,-243380356.04,-34274291.13
build_own_dc,474.029941,28,2029-01,2029,1,100063198.73,16908039.18,116971237.91,81879862.57,8502000.0,3.97,26589371.37,6647342.84,19942028.53,19942032.5,-238.06,19941794.44,-106738853.13,-86797058.69,368.87,0.0,-86796689.82,0.0,-86796689.82,build_own_dc,revolver_only,0.0,1.0,90381862.57,0.0,0.0,0.0,6991791.94,355086749.2,348094957.27,351590853.24,0.01876927,6599101.94,19990269.43,4997567.36,14992702.07,14992706.04,14992467.98,83782760.63,83782760.63,348094957.27,0.0,-228387653.96,83783129.5,348094957.27,-228387653.96,-35924173.8
build_own_dc,474.029941,29,2029-02,2029,2,100063178.6,16908035.78,116971214.39,81879850.07,8502000.0,0.0,26589364.32,6647341.08,19942023.24,19942023.24,-0.0,19942023.24,-86797058.69,-66855035.46,480.03,0.0,-66854555.43,0.0,-66854555.43,build_own_dc,revolver_only,0.0,1.0,90381850.07,0.0,0.0,0.0,13342933.8,348094957.27,334752023.47,341423490.37,0.01876927,6408268.01,20181096.31,5045274.08,15135822.23,15135822.23,15135822.23,83973582.06,83973582.06,334752023.47,0.0,-213251831.73,83974062.09,334752023.47,-213251831.73,-37526129.65
build_own_dc,474.029941,30,2029-03,2029,3,100063178.6,16908035.78,116971214.39,81879850.07,8502000.0,0.0,26589364.32,6647341.08,19942023.24,19942023.24,-0.0,19942023.24,-66855035.46,-46913012.22,480.03,0.0,-46912532.19,0.0,-46912532.19,build_own_dc,revolver_only,0.0,1.0,90381850.07,0.0,0.0,0.0,13533755.23,334752023.47,321218268.24,327985145.85,0.01876927,6156040.16,20433324.16,5108331.04,15324993.12,15324993.12,15324993.12,84225809.91,84225809.91,321218268.24,0.0,-197926838.61,84226289.94,321218268.24,-197926838.61,-39065139.69
build_own_dc,474.029941,31,2029-04,2029,4,100063178.6,16908035.78,116971214.39,81879850.07,8502000.0,0.0,26589364.32,6647341.08,19942023.24,19942023.24,-0.0,19942023.24,-46913012.22,-26970988.98,480.03,0.0,-26970508.95,0.0,-26970508.95,build_own_dc,revolver_only,0.0,1.0,90381850.07,0.0,0.0,0.0,13785983.08,321218268.24,307432285.15,314325276.7,0.01876927,5899654.45,20689709.87,5172427.47,15517282.4,15517282.4,15517282.4,84482195.62,84482195.62,307432285.15,0.0,-182409556.21,84482675.65,307432285.15,-182409556.21,-40540053.3
build_own_dc,474.029941,32,2029-05,2029,5,100063178.6,16908035.78,116971214.39,81879850.07,8502000.0,0.0,26589364.32,6647341.08,19942023.24,19942023.24,-0.0,19942023.24,-26970988.98,-7028965.75,480.03,0.0,-7028485.72,0.0,-7028485.72,build_own_dc,revolver_only,0.0,1.0,90381850.07,0.0,0.0,0.0,14042368.79,307432285.15,293389916.37,300411100.76,0.01876927,5638495.6,20950868.72,5237717.18,15713151.54,15713151.54,15713151.54,84743354.47,84743354.47,293389916.37,0.0,-166696404.66,84743834.5,293389916.37,-166696404.66,-41949677.2
build_own_dc,474.029941,33,2029-06,2029,6,100063178.6,16908035.78,116971214.39,81879850.07,8502000.0,0.0,26589364.32,6647341.08,19942023.24,19942023.24,-0.0,19942023.24,-7028965.75,12913057.49,480.03,0.0,12913537.52,0.0,12913537.52,build_own_dc,revolver_only,0.0,1.0,90381850.07,0.0,0.0,0.0,14303527.64,293389916.37,279086388.72,286238152.55,0.01876927,5372479.77,21216884.55,5304221.14,15912663.41,15912663.41,15912663.41,85009370.3,85009370.3,279086388.72,0.0,-150783741.25,85009850.33,279086388.72,-150783741.25,-43292797.14
build_own_dc,474.029941,34,2029-07,2029,7,100063178.6,16908035.78,116971214.39,81879850.07,8502000.0,0.0,26589364.32,6647341.08,19942023.24,19942023.24,-0.0,19942023.24,12913057.49,32855080.73,480.03,0.0,32855560.76,0.0,32855560.76,build_own_dc,revolver_only,0.0,1.0,90381850.07,0.0,0.0,0.0,14569543.47,279086388.72,264516845.26,271801616.99,0.01876927,5101516.61,21487847.71,5371961.93,16115885.78,16115885.78,16115885.78,85280333.46,85280333.46,264516845.26,0.0,-134667855.47,85280813.49,264516845.26,-134667855.47,-44568176.29
build_own_dc,474.029941,35,2029-08,2029,8,100063178.6,16908035.78,116971214.39,81879850.07,8502000.0,0.0,26589364.32,6647341.08,19942023.24,19942023.24,-0.0,19942023.24,32855080.73,52797103.96,480.03,0.0,52797583.99,0.0,52797583.99,build_own_dc,revolver_only,0.0,1.0,90381850.07,0.0,0.0,0.0,14840506.63,264516845.26,249676338.63,257096591.94,0.01876927,4825514.1,21763850.22,5440962.56,16322887.67,16322887.67,16322887.67,85556335.97,85556335.97,249676338.63,0.0,-118344967.8,85556816.0,249676338.63,-118344967.8,-45774554.82
build_own_dc,474.029941,36,2029-09,2029,9,100063178.6,16908035.78,116971214.39,81879850.07,8502000.0,0.0,26589364.32,6647341.08,19942023.24,19942023.24,-0.0,19942023.24,52797103.96,72739127.2,480.03,0.0,72739607.23,0.0,72739607.23,build_own_dc,revolver_only,0.0,1.0,90381850.07,0.0,0.0,0.0,15116509.14,249676338.63,234559829.48,242118084.05,0.01876927,4544378.51,22044985.81,5511246.45,16533739.36,16533739.36,16533739.36,85837471.56,85837471.56,234559829.48,0.0,-101811228.45,85837951.59,234559829.48,-101811228.45,-46910649.45
build_own_dc,474.029941,37,2029-10,2029,10,100063178.6,16908035.78,116971214.39,81879850.07,8502000.0,0.0,26589364.32,6647341.08,19942023.24,19942023.24,-0.0,19942023.24,72739127.2,92681150.44,480.03,0.0,92681630.47,0.0,92681630.47,build_own_dc,revolver_only,0.0,1.0,90381850.07,0.0,0.0,0.0,15397644.73,234559829.48,219162184.75,226861007.12,0.01876927,4258014.39,22331349.93,5582837.48,16748512.45,16748512.45,16748512.45,86123835.68,86123835.68,219162184.75,0.0,-85062716.0,86124315.71,219162184.75,-85062716.0,-47975153.04
build_own_dc,474.029941,38,2029-11,2029,11,100063178.6,16908035.78,116971214.39,81879850.07,8502000.0,0.0,26589364.32,6647341.08,19942023.24,19942023.24,-0.0,19942023.24,92681150.44,112623173.67,480.03,0.0,112623653.7,0.0,112623653.7,build_own_dc,revolver_only,0.0,1.0,90381850.07,0.0,0.0,0.0,15684008.85,219162184.75,203478175.9,211320180.33,0.01876927,3966324.49,22623039.83,5655759.96,16967279.87,16967279.87,16967279.87,86415525.58,86415525.58,203478175.9,0.0,-68095436.13,86416005.61,203478175.9,-68095436.13,-48966734.16
build_own_dc,474.029941,39,2029-12,2029,12,100063178.6,16908035.78,116971214.39,81879850.07,8502000.0,0.0,26589364.32,6647341.08,19942023.24,19942023.24,-0.0,19942023.24,112623173.67,132565196.91,480.03,0.0,132565676.94,0.0,132565676.94,build_own_dc,revolver_only,0.0,1.0,90381850.07,0.0,0.0,0.0,15975698.75,203478175.9,187502477.15,195490326.53,0.01876927,3669209.77,22920154.55,5730038.64,17190115.91,17190115.91,17190115.91,86712640.3,86712640.3,187502477.15,0.0,-50905320.21,86713120.33,187502477.15,-50905320.21,-49884036.61
build_own_dc,533.950803,40,2030-01,2030,1,116091650.21,17475228.76,133566878.97,86818470.33,8502000.0,1.0,38246407.64,9561601.91,28684805.73,28684806.73,-59.92,28684746.81,132565196.91,161249943.72,499.95,0.0,161250443.67,0.0,161250443.67,build_own_dc,revolver_only,0.0,1.0,95320470.33,0.0,0.0,0.0,20076916.78,187502477.15,167425560.37,177464018.76,0.01876927,3330869.22,34915538.42,8728884.61,26186653.82,26186654.82,26186594.9,91989601.11,91989601.11,167425560.37,0.0,-24718666.39,91990101.06,167425560.37,-24718666.39,-50716792.91
build_own_dc,533.950803,41,2030-02,2030,2,116091644.67,17475227.93,133566872.6,86818467.19,8502000.0,0.0,38246405.41,9561601.35,28684804.06,28684804.06,-0.0,28684804.06,161249943.72,189934747.78,539.95,0.0,189935287.73,0.0,189935287.73,build_own_dc,revolver_only,0.0,1.0,95320467.19,0.0,0.0,0.0,25353937.98,167425560.37,142071622.39,154748591.38,0.01876927,2904517.34,35341888.07,8835472.02,26506416.05,26506416.05,26506416.05,92415949.85,92415949.85,142071622.39,0.0,1787749.66,92416489.8,142071622.39,1787749.66,-51442882.24
build_own_dc,533.950803,42,2030-03,2030,3,116091644.67,17475227.93,133566872.6,86818467.19,8502000.0,0.0,38246405.41,9561601.35,28684804.06,28684804.06,-0.0,28684804.06,189934747.78,218619551.83,539.95,0.0,218620091.78,0.0,218620091.78,build_own_dc,revolver_only,0.0,1.0,95320467.19,0.0,0.0,0.0,25780286.72,142071622.39,116291335.66,129181479.02,0.01876927,2424641.43,35821763.98,8955441.0,26866322.99,26866322.99,26866322.99,92895825.76,92895825.76,116291335.66,0.0,28654072.65,92896365.71,116291335.66,28654072.65,-52049042.6
build_own_dc,533.950803,43,2030-04,2030,4,116091644.67,17475227.93,133566872.6,86818467.19,8502000.0,0.0,38246405.41,9561601.35,28684804.06,28684804.06,-0.0,28684804.06,218619551.83,247304355.89,539.95,0.0,247304895.84,0.0,247304895.84,build_own_dc,revolver_only,0.0,1.0,95320467.19,0.0,0.0,0.0,26260162.63,116291335.66,90031173.03,103161254.35,0.01876927,1936260.93,36310144.48,9077536.12,27232608.36,27232608.36,27232608.36,93384206.26,93384206.26,90031173.03,0.0,55886681.0,93384746.21,90031173.03,55886681.0,-52533107.83
build_own_dc,533.950803,44,2030-05,2030,5,116091644.67,17475227.93,133566872.6,86818467.19,8502000.0,0.0,38246405.41,9561601.35,28684804.06,28684804.06,-0.0,28684804.06,247304355.89,275989159.95,539.95,0.0,275989699.9,0.0,275989699.9,build_own_dc,revolver_only,0.0,1.0,95320467.19,0.0,0.0,0.0,26748543.13,90031173.03,63282629.91,76656901.47,0.01876927,1438793.71,36807611.7,9201902.93,27605708.78,27605708.78,27605708.78,93881673.48,93881673.48,63282629.91,0.0,83492389.78,93882213.43,63282629.91,83492389.78,-52892806.25
build_own_dc,533.950803,45,2030-06,2030,6,116091644.67,17475227.93,133566872.6,86818467.19,8502000.0,0.0,38246405.41,9561601.35,28684804.06,28684804.06,-0.0,28684804.06,275989159.95,304673964.01,539.95,0.0,304674503.96,0.0,304674503.96,build_own_dc,revolver_only,0.0,1.0,95320467.19,0.0,0.0,0.0,27246010.35,63282629.91,36036619.55,49659624.73,0.01876927,932074.66,37314330.75,9328582.69,27985748.06,27985748.06,27985748.06,94388392.53,94388392.53,36036619.55,0.0,111478137.84,94388932.48,36036619.55,111478137.84,-53125824.92
build_own_dc,533.950803,46,2030-07,2030,7,116091644.67,17475227.93,133566872.6,86818467.19,8502000.0,0.0,38246405.41,9561601.35,28684804.06,28684804.06,-0.0,28684804.06,304673964.01,333358768.06,539.95,0.0,333359308.01,0.0,333359308.01,build_own_dc,revolver_only,0.0,1.0,95320467.19,0.0,0.0,0.0,27752729.4,36036619.55,8283890.16,22160254.85,0.01876927,415931.7,37830473.71,9457618.43,28372855.28,28372855.28,28372855.28,94904535.49,94904535.49,8283890.16,0.0,139850993.12,94905075.44,8283890.16,139850993.12,-53229807.84
build_own_dc,533.950803,47,2030-08,2030,8,116091644.67,17475227.93,133566872.6,86818467.19,8502000.0,0.0,38246405.41,9561601.35,28684804.06,28684804.06,-0.0,28684804.06,333358768.06,362043572.12,539.95,0.0,362044112.07,0.0,362044112.07,build_own_dc,revolver_only,0.0,1.0,95320467.19,0.0,0.0,0.0,8283890.16,8283890.16,0.0,4141945.08,0.01876927,77741.27,38168664.14,9542166.04,28626498.11,28626498.11,28626498.11,115227708.13,115227708.13,0.0,0.0,168477491.23,115228248.08,0.0,168477491.23,-53249243.15
build_own_dc,533.950803,48,2030-09,2030,9,116091644.67,17475227.93,133566872.6,86818467.19,8502000.0,0.0,38246405.41,9561601.35,28684804.06,28684804.06,-0.0,28684804.06,362043572.12,390728376.18,539.95,0.0,390728916.13,0.0,390728916.13,build_own_dc,revolver_only,0.0,1.0,95320467.19,0.0,0.0,0.0,0.0,0.0,0.0,0.0,0.01876927,0.0,38246405.41,9561601.35,28684804.06,28684804.06,28684804.06,143912512.19,143912512.19,0.0,0.0,197162295.29,143913052.14,0.0,197162295.29,-53249243.15
build_own_dc,533.950803,49,2030-10,2030,10,116091644.67,17475227.93,133566872.6,86818467.19,8502000.0,0.0,38246405.41,9561601.35,28684804.06,28684804.06,-0.0,28684804.06,390728376.18,419413180.24,539.95,0.0,419413720.19,0.0,419413720.19,build_own_dc,revolver_only,0.0,1.0,95320467.19,0.0,0.0,0.0,0.0,0.0,0.0,0.0,0.01876927,0.0,38246405.41,9561601.35,28684804.06,28684804.06,28684804.06,172597316.25,172597316.25,0.0,0.0,225847099.35,172597856.2,0.0,225847099.35,-53249243.15
build_own_dc,533.950803,50,2030-11,2030,11,116091644.67,17475227.93,133566872.6,86818467.19,8502000.0,0.0,38246405.41,9561601.35,28684804.06,28684804.06,-0.0,28684804.06,419413180.24,448097984.29,539.95,0.0,448098524.24,0.0,448098524.24,build_own_dc,revolver_only,0.0,1.0,95320467.19,0.0,0.0,0.0,0.0,0.0,0.0,0.0,0.01876927,0.0,38246405.41,9561601.35,28684804.06,28684804.06,28684804.06,201282120.31,201282120.31,0.0,0.0,254531903.41,201282660.26,0.0,254531903.41,-53249243.14
build_own_dc,533.950803,51,2030-12,2030,12,116091644.67,17475227.93,133566872.6,86818467.19,8502000.0,0.0,38246405.41,9561601.35,28684804.06,28684804.06,-0.0,28684804.06,448097984.29,476782788.35,539.95,0.0,476783328.3,0.0,476783328.3,build_own_dc,revolver_only,0.0,1.0,95320467.19,0.0,0.0,0.0,0.0,0.0,0.0,0.0,0.01876927,0.0,38246405.41,9561601.35,28684804.06,28684804.06,28684804.06,229966924.37,229966924.37,0.0,0.0,283216707.46,229967464.32,0.0,283216707.46,-53249243.14
build_own_dc,23.998097,1,2026-10,2026,10,0.0,0.0,0.0,31948800.0,8502000.0,0.0,-40450800.0,0.0,-40450800.0,-40450800.0,-0.0,-40450800.0,0.0,-40450800.0,0.0,0.0,-40450800.0,0.0,-40450800.0,build_own_dc,mix,0.5,0.5,40450800.0,80901600.0,40450800.0,40450800.0,0.0,0.0,40450800.0,20225400.0,0.01876927,379615.89,-40830415.89,0.0,-40830415.89,-40830415.89,-40830415.89,40071184.11,40071184.11,40450800.0,40450800.0,-40830415.89,40071184.11,40450800.0,-379615.89,0.0
build_own_dc,23.998097,2,2026-11,2026,11,0.0,0.0,0.0,31948800.0,8502000.0,0.0,-40450800.0,0.0,-40450800.0,-40450800.0,-0.0,-40450800.0,-40450800.0,-80901600.0,0.0,0.0,-80901600.0,0.0,-80901600.0,build_own_dc,mix,0.5,0.5,40450800.0,40830415.89,20415207.95,20415207.95,0.0,40450800.0,60866007.95,50658403.97,0.01876927,950821.01,-41401621.01,0.0,-41401621.01,-41401621.01,-41401621.01,39499978.99,39499978.99,60866007.95,60866007.95,-82232036.91,39499978.99,60866007.95,-21366028.96,0.0
build_own_dc,23.998097,3,2026-12,2026,12,0.0,0.0,0.0,31948800.0,8502000.0,0.0,-40450800.0,0.0,-40450800.0,-40450800.0,-0.0,-40450800.0,-80901600.0,-121352400.0,0.0,0.0,-121352400.0,0.0,-121352400.0,build_own_dc,mix,0.5,0.5,40450800.0,41401621.01,20700810.51,20700810.51,0.0,60866007.95,81566818.45,71216413.2,0.01876927,1336679.74,-41787479.74,0.0,-41787479.74,-41787479.74,-41787479.74,39114120.26,39114120.26,81566818.45,81566818.45,-124019516.65,39114120.26,81566818.45,-42452698.2,0.0
build_own_dc,91.300283,4,2027-01,2027,1,0.0,0.0,0.0,41635776.0,8502000.0,0.0,-50137776.0,0.0,-50137776.0,-50137776.0,-0.0,-50137776.0,-121352400.0,-171490176.0,0.0,0.0,-171490176.0,0.0,-171490176.0,build_own_dc,mix,0.5,0.5,50137776.0,61161431.74,30580715.87,30580715.87,0.0,81566818.45,112147534.32,96857176.39,0.01876927,1817938.02,-51955714.02,0.0,-51955714.02,-51955714.02,-51955714.02,48319837.98,48319837.98,112147534.32,112147534.32,-175975230.67,48319837.98,112147534.32,-63827696.35,-0.0
build_own_dc,91.300283,5,2027-02,2027,2,0.0,0.0,0.0,50459136.0,8502000.0,0.0,-58961136.0,0.0,-58961136.0,-58961136.0,-0.0,-58961136.0,-171490176.0,-230451312.0,0.0,0.0,-230451312.0,0.0,-230451312.0,build_own_dc,mix,0.5,0.5,58961136.0,69602434.02,34801217.01,34801217.01,0.0,112147534.32,146948751.34,129548142.83,0.01876927,2431523.44,-61392659.44,0.0,-61392659.44,-61392659.44,-61392659.44,56529612.56,56529612.56,146948751.34,146948751.34,-237367890.11,56529612.56,146948751.34,-90419138.78,0.0
build_own_dc,91.300283,6,2027-03,2027,3,0.0,0.0,0.0,50459136.0,8502000.0,0.0,-58961136.0,0.0,-58961136.0,-58961136.0,-0.0,-58961136.0,-230451312.0,-289412448.0,0.0,0.0,-289412448.0,0.0,-289412448.0,build_own_dc,mix,0.5,0.5,58961136.0,61392659.44,30696329.72,30696329.72,0.0,146948751.34,177645081.06,162296916.2,0.01876927,3046193.85,-62007329.85,0.0,-62007329.85,-62007329.85,-62007329.85,55914942.15,55914942.15,177645081.06,177645081.06,-299375219.96,55914942.15,177645081.06,-121730138.9,0.0
build_own_dc,91.300283,7,2027-04,2027,4,44962503.71,20950616.29,65913120.0,52730496.0,8502000.0,0.0,4680624.0,1170156.0,3510468.0,3510468.0,-0.0,3510468.0,-289412448.0,-285901980.0,0.0,0.0,-285901980.0,0.0,-285901980.0,build_own_dc,mix,0.5,0.5,61232496.0,1807085.85,903542.92,903542.92,0.0,177645081.06,178548623.98,178096852.52,0.01876927,3342747.04,1337876.96,334469.24,1003407.72,1003407.72,1003407.72,57889748.96,57889748.96,178548623.98,178548623.98,-298371812.24,57889748.96,178548623.98,-119823188.26,-835686.76
build_own_dc,91.300283,8,2027-05,2027,5,44962503.71,20950616.29,65913120.0,52730496.0,8502000.0,0.0,4680624.0,1170156.0,3510468.0,3510468.0,-0.0,3510468.0,-285901980.0,-282391512.0,0.0,0.0,-282391512.0,0.0,-282391512.0,build_own_dc,mix,0.5,0.5,61232496.0,0.0,0.0,0.0,167720.96,178548623.98,178380903.02,178464763.5,0.01876927,3349652.46,1330971.54,332742.88,998228.65,998228.65,998228.65,57882843.54,57882843.54,178380903.02,178548623.98,-297373583.59,57882843.54,178380903.02,-118824959.61,-1673099.88
build_own_dc,91.300283,9,2027-06,2027,6,45856390.47,21367129.53,67223520.0,53778816.0,8502000.0,0.0,4942704.0,1235676.0,3707028.0,3707028.0,-0.0,3707028.0,-282391512.0,-278684484.0,0.0,0.0,-278684484.0,0.0,-278684484.0,build_own_dc,mix,0.5,0.5,62280816.0,690944.46,345472.23,345472.23,0.0,178380903.02,178726375.25,178553639.14,0.01876927,3351320.59,1591383.41,397845.85,1193537.56,1193537.56,1193537.56,58929495.41,58929495.41,178726375.25,178894096.21,-296180046.03,58929495.41,178726375.25,-117285949.82,-2510930.02
build_own_dc,91.300283,10,2027-07,2027,7,48389069.6,22547250.4,70936320.0,56749056.0,8502000.0,0.0,5685264.0,1421316.0,4263948.0,4263948.0,-0.0,4263948.0,-278684484.0,-274420536.0,0.0,0.0,-274420536.0,0.0,-274420536.0,build_own_dc,mix,0.5,0.5,65251056.0,2057612.59,1028806.3,1028806.3,0.0,178726375.25,179755181.55,179240778.4,0.01876927,3364217.69,2321046.31,580261.58,1740784.73,1740784.73,1740784.73,61886838.31,61886838.31,179755181.55,179922902.51,-294439261.3,61886838.31,179755181.55,-114516358.79,-3351984.45
build_own_dc,91.300283,11,2027-08,2027,8,48389069.6,22547250.4,70936320.0,56749056.0,8502000.0,0.0,5685264.0,1421316.0,4263948.0,4263948.0,-0.0,4263948.0,-274420536.0,-270156588.0,0.0,0.0,-270156588.0,0.0,-270156588.0,build_own_dc,mix,0.5,0.5,65251056.0,0.0,0.0,0.0,899730.31,179755181.55,178855451.24,179305316.39,0.01876927,3365429.02,2319834.98,579958.74,1739876.23,1739876.23,1739876.23,61885626.98,61885626.98,178855451.24,179922902.51,-292699385.06,61885626.98,178855451.24,-112776482.56,-4193341.7
build_own_dc,91.300283,12,2027-09,2027,9,50325824.23,23449695.77,73775520.0,59020416.0,8502000.0,0.0,6253104.0,1563276.0,4689828.0,4689828.0,-0.0,4689828.0,-270156588.0,-265466760.0,0.0,0.0,-265466760.0,0.0,-265466760.0,build_own_dc,mix,0.5,0.5,67522416.0,946961.02,473480.51,473480.51,0.0,178855451.24,179328931.75,179092191.49,0.01876927,3361428.82,2891675.18,722918.79,2168756.38,2168756.38,2168756.38,64160987.18,64160987.18,179328931.75,180396383.02,-290530628.68,64160987.18,179328931.75,-110134245.67,-5033698.91
build_own_dc,91.300283,13,2027-10,2027,10,50325824.23,23449695.77,73775520.0,59020416.0,8502000.0,0.0,6253104.0,1563276.0,4689828.0,4689828.0,-0.0,4689828.0,-265466760.0,-260776932.0,0.0,0.0,-260776932.0,0.0,-260776932.0,build_own_dc,mix,0.5,0.5,67522416.0,0.0,0.0,0.0,1328399.18,179328931.75,178000532.57,178664732.16,0.01876927,3353405.73,2899698.27,724924.57,2174773.71,2174773.71,2174773.71,64169010.27,64169010.27,178000532.57,180396383.02,-288355854.98,64169010.27,178000532.57,-107959471.96,-5872050.34
build_own_dc,91.300283,14,2027-11,2027,11,50325824.23,23449695.77,73775520.0,59020416.0,8502000.0,0.0,6253104.0,1563276.0,4689828.0,4689828.0,-0.0,4689828.0,-260776932.0,-256087104.0,0.0,0.0,-256087104.0,0.0,-256087104.0,build_own_dc,mix,0.5,0.5,67522416.0,0.0,0.0,0.0,1336422.27,178000532.57,176664110.3,177332321.44,0.01876927,3328397.36,2924706.64,731176.66,2193529.98,2193529.98,2193529.98,64194018.64,64194018.64,176664110.3,180396383.02,-286162324.99,64194018.64,176664110.3,-105765941.98,-6704149.68
build_own_dc,91.300283,15,2027-12,2027,12,50325824.23,23449695.77,73775520.0,59020416.0,8502000.0,0.0,6253104.0,1563276.0,4689828.0,4689828.0,-0.0,4689828.0,-256087104.0,-251397276.0,0.0,0.0,-251397276.0,0.0,-251397276.0,build_own_dc,mix,0.5,0.5,67522416.0,0.0,0.0,0.0,1361430.64,176664110.3,175302679.65,175983394.98,0.01876927,3303079.0,2950025.0,737506.25,2212518.75,2212518.75,2212518.75,64219337.0,64219337.0,175302679.65,180396383.02,-283949806.24,64219337.0,175302679.65,-103553423.22,-7529919.43
build_own_dc,235.968842,16,2028-01,2028,1,71625671.66,23137797.23,94763468.89,71072601.65,8502000.0,0.02,15188867.22,3797216.81,11391650.42,11391650.44,-1.0,11391649.44,-251397276.0,-240005626.56,0.68,0.0,-240005625.88,0.0,-240005625.88,build_own_dc,mix,0.5,0.5,79574601.65,3963615.21,1981807.6,1981807.6,0.0,175302679.65,177284487.26,176293583.46,0.01876927,3308901.01,11879966.21,2969991.55,8909974.66,8909974.68,8909973.68,76265700.64,76265700.64,177284487.26,182378190.62,-275039831.58,76265701.32,177284487.26,-92661640.96,-8357144.97
build_own_dc,235.968842,17,2028-02,2028,2,71625671.66,23137797.23,94763468.89,71072601.65,8502000.0,0.02,15188867.22,3797216.81,11391650.42,11391650.44,-1.0,11391649.44,-240005626.56,-228613977.13,1.66,0.0,-228613975.47,0.0,-228613975.47,build_own_dc,mix,0.5,0.5,79574601.65,0.0,0.0,0.0,8082748.43,177284487.26,169201738.82,173243113.04,0.01876927,3251645.92,11937221.3,2984305.33,8952915.98,8952916.0,8952915.0,76322955.73,76322955.73,169201738.82,182378190.62,-266086915.61,76322957.39,169201738.82,-83708724.99,-9170056.45
build_own_dc,235.968842,18,2028-03,2028,3,71625671.66,23137797.23,94763468.89,71072601.65,8502000.0,0.02,15188867.22,3797216.81,11391650.42,11391650.44,-1.0,11391649.44,-228613977.13,-217222327.69,2.64,0.0,-217222325.05,0.0,-217222325.05,build_own_dc,mix,0.5,0.5,79574601.65,0.0,0.0,0.0,8140003.52,169201738.82,161061735.3,165131737.06,0.01876927,3099401.35,12089465.87,3022366.47,9067099.4,9067099.42,9067098.42,76475200.3,76475200.3,161061735.3,182378190.62,-257019816.21,76475202.94,161061735.3,-74641625.59,-9944906.78
build_own_dc,235.968842,19,2028-04,2028,4,71625671.66,23137797.23,94763468.89,71072601.65,8502000.0,0.02,15188867.22,3797216.81,11391650.42,11391650.44,-1.0,11391649.44,-217222327.69,-205830678.25,3.62,0.0,-205830674.63,0.0,-205830674.63,build_own_dc,mix,0.5,0.5,79574601.65,0.0,0.0,0.0,8292248.09,161061735.3,152769487.22,156915611.26,0.01876927,2945190.71,12243676.51,3060919.13,9182757.38,9182757.4,9182756.4,76629410.94,76629410.94,152769487.22,182378190.62,-247837058.82,76629414.56,152769487.22,-65458868.2,-10681204.45
build_own_dc,235.968842,20,2028-05,2028,5,71625671.66,23137797.23,94763468.89,71072601.65,8502000.0,0.02,15188867.22,3797216.81,11391650.42,11391650.44,-1.0,11391649.44,-205830678.25,-194439028.81,4.6,0.0,-194439024.21,0.0,-194439024.21,build_own_dc,mix,0.5,0.5,79574601.65,0.0,0.0,0.0,8446458.73,152769487.22,144323028.49,148546257.85,0.01876927,2788104.1,12400763.12,3100190.78,9300572.34,9300572.36,9300571.36,76786497.55,76786497.55,144323028.49,182378190.62,-238536486.48,76786502.15,144323028.49,-56158295.86,-11378230.47
build_own_dc,235.968842,21,2028-06,2028,6,76041748.76,24564356.93,100606105.69,75454579.25,8502000.0,0.02,16649526.42,4162381.61,12487144.82,12487144.84,-1.0,12487143.84,-194439028.81,-181951884.98,5.58,0.0,-181951879.4,0.0,-181951879.4,build_own_dc,mix,0.5,0.5,83956579.25,0.0,0.0,0.0,5317062.14,144323028.49,139005966.34,141664497.41,0.01876927,2658938.51,13990587.91,3497646.98,10492940.93,10492940.95,10492939.95,81297640.74,81297640.74,139005966.34,182378190.62,-228043545.55,81297646.32,139005966.34,-45665354.93,-12042965.1
build_own_dc,235.968842,22,2028-07,2028,7,76236865.64,24627387.05,100864252.69,75648185.59,8502000.0,3.93,16714063.17,4178515.79,12535547.38,12535551.31,-235.97,12535315.34,-181951884.98,-169416569.63,155.51,0.0,-169416414.13,0.0,-169416414.13,build_own_dc,mix,0.5,0.5,84150185.59,0.0,0.0,0.0,9682770.49,139005966.34,129323195.85,134164581.1,0.01876927,2518170.59,14195892.58,3548973.14,10646919.43,10646923.36,10646687.39,81632015.0,81632015.0,129323195.85,182378190.62,-217396626.11,81632170.51,129323195.85,-35018435.49,-12672589.85
build_own_dc,235.968842,23,2028-08,2028,8,76236849.2,24627381.74,100864230.93,75648173.2,8502000.0,0.0,16714057.73,4178514.43,12535543.3,12535543.3,-0.0,12535543.3,-169416569.63,-156881026.33,241.97,0.0,-156880784.37,0.0,-156880784.37,build_own_dc,mix,0.5,0.5,84150173.2,0.0,0.0,0.0,10017385.1,129323195.85,119305810.76,124314503.3,0.01876927,2333291.87,14380765.86,3595191.46,10785574.39,10785574.39,10785574.39,81816881.33,81816881.33,119305810.76,182378190.62,-206611051.72,81817123.3,119305810.76,-24232861.1,-13255826.36
build_own_dc,235.968842,24,2028-09,2028,9,76236849.2,24627381.74,100864230.93,75648173.2,8502000.0,0.0,16714057.73,4178514.43,12535543.3,12535543.3,-0.0,12535543.3,-156881026.33,-144345483.03,241.97,0.0,-144345241.07,0.0,-144345241.07,build_own_dc,mix,0.5,0.5,84150173.2,0.0,0.0,0.0,10202251.43,119305810.76,109103559.33,114204685.04,0.01876927,2143538.01,14570519.72,3642629.93,10927889.79,10927889.79,10927889.79,82006635.19,82006635.19,109103559.33,182378190.62,-195683161.93,82006877.16,109103559.33,-13304971.31,-13791710.86
build_own_dc,235.968842,25,2028-10,2028,10,76236849.2,24627381.74,100864230.93,75648173.2,8502000.0,0.0,16714057.73,4178514.43,12535543.3,12535543.3,-0.0,12535543.3,-144345483.03,-131809939.73,241.97,0.0,-131809697.77,0.0,-131809697.77,build_own_dc,mix,0.5,0.5,84150173.2,0.0,0.0,0.0,10392005.29,109103559.33,98711554.04,103907556.68,0.01876927,1950268.48,14763789.25,3690947.31,11072841.94,11072841.94,11072841.94,82199904.72,82199904.72,98711554.04,182378190.62,-184610319.99,82200146.69,98711554.04,-2232129.37,-14279277.97
build_own_dc,235.968842,26,2028-11,2028,11,76236849.2,24627381.74,100864230.93,75648173.2,8502000.0,0.0,16714057.73,4178514.43,12535543.3,12535543.3,-0.0,12535543.3,-131809939.73,-119274396.43,241.97,0.0,-119274154.47,0.0,-119274154.47,build_own_dc,mix,0.5,0.5,84150173.2,0.0,0.0,0.0,10585274.82,98711554.04,88126279.22,93418916.63,0.01876927,1753404.41,14960653.32,3740163.33,11220489.99,11220489.99,11220489.99,82396768.79,82396768.79,88126279.22,182378190.62,-173389830.01,82397010.76,88126279.22,8988360.61,-14717629.08
build_own_dc,235.968842,27,2028-12,2028,12,76236849.2,24627381.74,100864230.93,75648173.2,8502000.0,0.0,16714057.73,4178514.43,12535543.3,12535543.3,-0.0,12535543.3,-119274396.43,-106738853.13,241.97,0.0,-106738611.17,0.0,-106738611.17,build_own_dc,mix,0.5,0.5,84150173.2,0.0,0.0,0.0,10782138.89,88126279.22,77344140.33,82735209.77,0.01876927,1552879.09,15161178.64,3790294.66,11370883.98,11370883.98,11370883.98,82597294.11,82597294.11,77344140.33,182378190.62,-162018946.02,82597536.08,77344140.33,20359244.6,-15105848.84
build_own_dc,474.029941,28,2029-01,2029,1,100063198.73,16908039.18,116971237.91,81879862.57,8502000.0,3.97,26589371.37,6647342.84,19942028.53,19942032.5,-238.06,19941794.44,-106738853.13,-86797058.69,368.87,0.0,-86796689.82,0.0,-86796689.82,build_own_dc,mix,0.5,0.5,90381862.57,0.0,0.0,0.0,12157225.98,77344140.33,65186914.35,71265527.34,0.01876927,1337601.58,25251769.79,6312942.45,18938827.35,18938831.32,18938593.26,89044260.99,89044260.99,65186914.35,182378190.62,-143080118.68,89044629.86,65186914.35,39298071.94,-15440356.43
build_own_dc,474.029941,29,2029-02,2029,2,100063178.6,16908035.78,116971214.39,81879850.07,8502000.0,0.0,26589364.32,6647341.08,19942023.24,19942023.24,-0.0,19942023.24,-86797058.69,-66855035.46,480.03,0.0,-66854555.43,0.0,-66854555.43,build_own_dc,mix,0.5,0.5,90381850.07,0.0,0.0,0.0,18604434.16,65186914.35,46582480.19,55884697.27,0.01876927,1048914.7,25540449.62,6385112.41,19155337.22,19155337.22,19155337.22,89332935.37,89332935.37,46582480.19,182378190.62,-123924781.46,89333415.4,46582480.19,58453409.16,-15702473.94
build_own_dc,474.029941,30,2029-03,2029,3,100063178.6,16908035.78,116971214.39,81879850.07,8502000.0,0.0,26589364.32,6647341.08,19942023.24,19942023.24,-0.0,19942023.24,-66855035.46,-46913012.22,480.03,0.0,-46912532.19,0.0,-46912532.19,build_own_dc,mix,0.5,0.5,90381850.07,0.0,0.0,0.0,18893108.54,46582480.19,27689371.64,37135925.91,0.01876927,697014.04,25892350.28,6473087.57,19419262.71,19419262.71,19419262.71,89684836.03,89684836.03,27689371.64,182378190.62,-104505518.75,89685316.06,27689371.64,77872671.87,-15876727.45
build_own_dc,474.029941,31,2029-04,2029,4,100063178.6,16908035.78,116971214.39,81879850.07,8502000.0,0.0,26589364.32,6647341.08,19942023.24,19942023.24,-0.0,19942023.24,-46913012.22,-26970988.98,480.03,0.0,-26970508.95,0.0,-26970508.95,build_own_dc,mix,0.5,0.5,90381850.07,0.0,0.0,0.0,19245009.2,27689371.64,8444362.44,18066867.04,0.01876927,339101.82,26250262.5,6562565.63,19687696.88,19687696.88,19687696.88,90042748.25,90042748.25,8444362.44,182378190.62,-84817821.88,90043228.28,8444362.44,97560368.74,-15961502.91
build_own_dc,474.029941,32,2029-05,2029,5,100063178.6,16908035.78,116971214.39,81879850.07,8502000.0,0.0,26589364.32,6647341.08,19942023.24,19942023.24,-0.0,19942023.24,-26970988.98,-7028965.75,480.03,0.0,-7028485.72,0.0,-7028485.72,build_own_dc,mix,0.5,0.5,90381850.07,0.0,0.0,0.0,8444362.44,8444362.44,0.0,4222181.22,0.01876927,79247.24,26510117.08,6627529.27,19882587.81,19882587.81,19882587.81,101461161.81,101461161.81,0.0,182378190.62,-64935234.06,101461641.84,0.0,117442956.56,-15981314.71
build_own_dc,474.029941,33,2029-06,2029,6,100063178.6,16908035.78,116971214.39,81879850.07,8502000.0,0.0,26589364.32,6647341.08,19942023.24,19942023.24,-0.0,19942023.24,-7028965.75,12913057.49,480.03,0.0,12913537.52,0.0,12913537.52,build_own_dc,mix,0.5,0.5,90381850.07,0.0,0.0,0.0,0.0,0.0,0.0,0.0,0.01876927,0.0,26589364.32,6647341.08,19942023.24,19942023.24,19942023.24,121403185.05,121403185.05,0.0,182378190.62,-44993210.82,121403665.08,0.0,137384979.8,-15981314.71
build_own_dc,474.029941,34,2029-07,2029,7,100063178.6,16908035.78,116971214.39,81879850.07,8502000.0,0.0,26589364.32,6647341.08,19942023.24,19942023.24,-0.0,19942023.24,12913057.49,32855080.73,480.03,0.0,32855560.76,0.0,32855560.76,build_own_dc,mix,0.5,0.5,90381850.07,0.0,0.0,0.0,0.0,0.0,0.0,0.0,0.01876927,0.0,26589364.32,6647341.08,19942023.24,19942023.24,19942023.24,141345208.29,141345208.29,0.0,182378190.62,-25051187.58,141345688.32,0.0,157327003.04,-15981314.71
build_own_dc,474.029941,35,2029-08,2029,8,100063178.6,16908035.78,116971214.39,81879850.07,8502000.0,0.0,26589364.32,6647341.08,19942023.24,19942023.24,-0.0,19942023.24,32855080.73,52797103.96,480.03,0.0,52797583.99,0.0,52797583.99,build_own_dc,mix,0.5,0.5,90381850.07,0.0,0.0,0.0,0.0,0.0,0.0,0.0,0.01876927,0.0,26589364.32,6647341.08,19942023.24,19942023.24,19942023.24,161287231.53,161287231.53,0.0,182378190.62,-5109164.34,161287711.56,0.0,177269026.28,-15981314.71
build_own_dc,474.029941,36,2029-09,2029,9,100063178.6,16908035.78,116971214.39,81879850.07,8502000.0,0.0,26589364.32,6647341.08,19942023.24,19942023.24,-0.0,19942023.24,52797103.96,72739127.2,480.03,0.0,72739607.23,0.0,72739607.23,build_own_dc,mix,0.5,0.5,90381850.07,0.0,0.0,0.0,0.0,0.0,0.0,0.0,0.01876927,0.0,26589364.32,6647341.08,19942023.24,19942023.24,19942023.24,181229254.77,181229254.77,0.0,182378190.62,14832858.9,181229734.8,0.0,197211049.52,-15981314.71
build_own_dc,474.029941,37,2029-10,2029,10,100063178.6,16908035.78,116971214.39,81879850.07,8502000.0,0.0,26589364.32,6647341.08,19942023.24,19942023.24,-0.0,19942023.24,72739127.2,92681150.44,480.03,0.0,92681630.47,0.0,92681630.47,build_own_dc,mix,0.5,0.5,90381850.07,0.0,0.0,0.0,0.0,0.0,0.0,0.0,0.01876927,0.0,26589364.32,6647341.08,19942023.24,19942023.24,19942023.24,201171278.01,201171278.01,0.0,182378190.62,34774882.14,201171758.04,0.0,217153072.76,-15981314.71
build_own_dc,474.029941,38,2029-11,2029,11,100063178.6,16908035.78,116971214.39,81879850.07,8502000.0,0.0,26589364.32,6647341.08,19942023.24,19942023.24,-0.0,19942023.24,92681150.44,112623173.67,480.03,0.0,112623653.7,0.0,112623653.7,build_own_dc,mix,0.5,0.5,90381850.07,0.0,0.0,0.0,0.0,0.0,0.0,0.0,0.01876927,0.0,26589364.32,6647341.08,19942023.24,19942023.24,19942023.24,221113301.25,221113301.25,0.0,182378190.62,54716905.38,221113781.28,0.0,237095096.0,-15981314.71
build_own_dc,474.029941,39,2029-12,2029,12,100063178.6,16908035.78,116971214.39,81879850.07,8502000.0,0.0,26589364.32,6647341.08,19942023.24,19942023.24,-0.0,19942023.24,112623173.67,132565196.91,480.03,0.0,132565676.94,0.0,132565676.94,build_own_dc,mix,0.5,0.5,90381850.07,0.0,0.0,0.0,0.0,0.0,0.0,0.0,0.01876927,0.0,26589364.32,6647341.08,19942023.24,19942023.24,19942023.24,241055324.49,241055324.49,0.0,182378190.62,74658928.62,241055804.52,0.0,257037119.24,-15981314.71
build_own_dc,533.950803,40,2030-01,2030,1,116091650.21,17475228.76,133566878.97,86818470.33,8502000.0,1.0,38246407.64,9561601.91,28684805.73,28684806.73,-59.92,28684746.81,132565196.91,161249943.72,499.95,0.0,161250443.67,0.0,161250443.67,build_own_dc,mix,0.5,0.5,95320470.33,0.0,0.0,0.0,0.0,0.0,0.0,0.0,0.01876927,0.0,38246407.64,9561601.91,28684805.73,28684806.73,28684746.81,269740071.3,269740071.3,0.0,182378190.62,103343734.35,269740571.25,0.0,285721924.97,-15981353.71
build_own_dc,533.950803,41,2030-02,2030,2,116091644.67,17475227.93,133566872.6,86818467.19,8502000.0,0.0,38246405.41,9561601.35,28684804.06,28684804.06,-0.0,28684804.06,161249943.72,189934747.78,539.95,0.0,189935287.73,0.0,189935287.73,build_own_dc,mix,0.5,0.5,95320467.19,0.0,0.0,0.0,0.0,0.0,0.0,0.0,0.01876927,0.0,38246405.41,9561601.35,28684804.06,28684804.06,28684804.06,298424875.36,298424875.36,0.0,182378190.62,132028538.4,298425415.31,0.0,314406729.02,-15981313.71
build_own_dc,533.950803,42,2030-03,2030,3,116091644.67,17475227.93,133566872.6,86818467.19,8502000.0,0.0,38246405.41,9561601.35,28684804.06,28684804.06,-0.0,28684804.06,189934747.78,218619551.83,539.95,0.0,218620091.78,0.0,218620091.78,build_own_dc,mix,0.5,0.5,95320467.19,0.0,0.0,0.0,0.0,0.0,0.0,0.0,0.01876927,0.0,38246405.41,9561601.35,28684804.06,28684804.06,28684804.06,327109679.42,327109679.42,0.0,182378190.62,160713342.46,327110219.37,0.0,343091533.08,-15981313.71
build_own_dc,533.950803,43,2030-04,2030,4,116091644.67,17475227.93,133566872.6,86818467.19,8502000.0,0.0,38246405.41,9561601.35,28684804.06,28684804.06,-0.0,28684804.06,218619551.83,247304355.89,539.95,0.0,247304895.84,0.0,247304895.84,build_own_dc,mix,0.5,0.5,95320467.19,0.0,0.0,0.0,0.0,0.0,0.0,0.0,0.01876927,0.0,38246405.41,9561601.35,28684804.06,28684804.06,28684804.06,355794483.48,355794483.48,0.0,182378190.62,189398146.52,355795023.43,0.0,371776337.14,-15981313.71
build_own_dc,533.950803,44,2030-05,2030,5,116091644.67,17475227.93,133566872.6,86818467.19,8502000.0,0.0,38246405.41,9561601.35,28684804.06,28684804.06,-0.0,28684804.06,247304355.89,275989159.95,539.95,0.0,275989699.9,0.0,275989699.9,build_own_dc,mix,0.5,0.5,95320467.19,0.0,0.0,0.0,0.0,0.0,0.0,0.0,0.01876927,0.0,38246405.41,9561601.35,28684804.06,28684804.06,28684804.06,384479287.54,384479287.54,0.0,182378190.62,218082950.58,384479827.49,0.0,400461141.2,-15981313.7
build_own_dc,533.950803,45,2030-06,2030,6,116091644.67,17475227.93,133566872.6,86818467.19,8502000.0,0.0,38246405.41,9561601.35,28684804.06,28684804.06,-0.0,28684804.06,275989159.95,304673964.01,539.95,0.0,304674503.96,0.0,304674503.96,build_own_dc,mix,0.5,0.5,95320467.19,0.0,0.0,0.0,0.0,0.0,0.0,0.0,0.01876927,0.0,38246405.41,9561601.35,28684804.06,28684804.06,28684804.06,413164091.6,413164091.6,0.0,182378190.62,246767754.63,413164631.55,0.0,429145945.25,-15981313.7
build_own_dc,533.950803,46,2030-07,2030,7,116091644.67,17475227.93,133566872.6,86818467.19,8502000.0,0.0,38246405.41,9561601.35,28684804.06,28684804.06,-0.0,28684804.06,304673964.01,333358768.06,539.95,0.0,333359308.01,0.0,333359308.01,build_own_dc,mix,0.5,0.5,95320467.19,0.0,0.0,0.0,0.0,0.0,0.0,0.0,0.01876927,0.0,38246405.41,9561601.35,28684804.06,28684804.06,28684804.06,441848895.66,441848895.66,0.0,182378190.62,275452558.69,441849435.61,0.0,457830749.31,-15981313.7
build_own_dc,533.950803,47,2030-08,2030,8,116091644.67,17475227.93,133566872.6,86818467.19,8502000.0,0.0,38246405.41,9561601.35,28684804.06,28684804.06,-0.0,28684804.06,333358768.06,362043572.12,539.95,0.0,362044112.07,0.0,362044112.07,build_own_dc,mix,0.5,0.5,95320467.19,0.0,0.0,0.0,0.0,0.0,0.0,0.0,0.01876927,0.0,38246405.41,9561601.35,28684804.06,28684804.06,28684804.06,470533699.72,470533699.72,0.0,182378190.62,304137362.75,470534239.67,0.0,486515553.37,-15981313.7
build_own_dc,533.950803,48,2030-09,2030,9,116091644.67,17475227.93,133566872.6,86818467.19,8502000.0,0.0,38246405.41,9561601.35,28684804.06,28684804.06,-0.0,28684804.06,362043572.12,390728376.18,539.95,0.0,390728916.13,0.0,390728916.13,build_own_dc,mix,0.5,0.5,95320467.19,0.0,0.0,0.0,0.0,0.0,0.0,0.0,0.01876927,0.0,38246405.41,9561601.35,28684804.06,28684804.06,28684804.06,499218503.78,499218503.78,0.0,182378190.62,332822166.81,499219043.73,0.0,515200357.43,-15981313.69
build_own_dc,533.950803,49,2030-10,2030,10,116091644.67,17475227.93,133566872.6,86818467.19,8502000.0,0.0,38246405.41,9561601.35,28684804.06,28684804.06,-0.0,28684804.06,390728376.18,419413180.24,539.95,0.0,419413720.19,0.0,419413720.19,build_own_dc,mix,0.5,0.5,95320467.19,0.0,0.0,0.0,0.0,0.0,0.0,0.0,0.01876927,0.0,38246405.41,9561601.35,28684804.06,28684804.06,28684804.06,527903307.84,527903307.84,0.0,182378190.62,361506970.86,527903847.79,0.0,543885161.48,-15981313.69
build_own_dc,533.950803,50,2030-11,2030,11,116091644.67,17475227.93,133566872.6,86818467.19,8502000.0,0.0,38246405.41,9561601.35,28684804.06,28684804.06,-0.0,28684804.06,419413180.24,448097984.29,539.95,0.0,448098524.24,0.0,448098524.24,build_own_dc,mix,0.5,0.5,95320467.19,0.0,0.0,0.0,0.0,0.0,0.0,0.0,0.01876927,0.0,38246405.41,9561601.35,28684804.06,28684804.06,28684804.06,556588111.9,556588111.9,0.0,182378190.62,390191774.92,556588651.85,0.0,572569965.54,-15981313.69
build_own_dc,533.950803,51,2030-12,2030,12,116091644.67,17475227.93,133566872.6,86818467.19,8502000.0,0.0,38246405.41,9561601.35,28684804.06,28684804.06,-0.0,28684804.06,448097984.29,476782788.35,539.95,0.0,476783328.3,0.0,476783328.3,build_own_dc,mix,0.5,0.5,95320467.19,0.0,0.0,0.0,0.0,0.0,0.0,0.0,0.01876927,0.0,38246405.41,9561601.35,28684804.06,28684804.06,28684804.06,585272915.96,585272915.96,0.0,182378190.62,418876578.98,585273455.91,0.0,601254769.6,-15981313.69
rent_gpu_only,23.998097,1,2026-10,2026,10,0.0,0.0,0.0,31948800.0,8502000.0,0.0,-40450800.0,0.0,-40450800.0,-40450800.0,-0.0,-40450800.0,0.0,-40450800.0,0.0,0.0,-40450800.0,0.0,-40450800.0,rent_gpu_only,equity_only,1.0,0.0,40450800.0,80901600.0,80901600.0,0.0,0.0,0.0,0.0,0.0,0.01876927,0.0,-40450800.0,0.0,-40450800.0,-40450800.0,-40450800.0,40450800.0,40450800.0,0.0,80901600.0,-40450800.0,40450800.0,0.0,40450800.0,0.0
rent_gpu_only,23.998097,2,2026-11,2026,11,0.0,0.0,0.0,31948800.0,8502000.0,0.0,-40450800.0,0.0,-40450800.0,-40450800.0,-0.0,-40450800.0,-40450800.0,-80901600.0,0.0,0.0,-80901600.0,0.0,-80901600.0,rent_gpu_only,equity_only,1.0,0.0,40450800.0,40450800.0,40450800.0,0.0,0.0,0.0,0.0,0.0,0.01876927,0.0,-40450800.0,0.0,-40450800.0,-40450800.0,-40450800.0,40450800.0,40450800.0,0.0,121352400.0,-80901600.0,40450800.0,0.0,40450800.0,0.0
rent_gpu_only,23.998097,3,2026-12,2026,12,0.0,0.0,0.0,31948800.0,8502000.0,0.0,-40450800.0,0.0,-40450800.0,-40450800.0,-0.0,-40450800.0,-80901600.0,-121352400.0,0.0,0.0,-121352400.0,0.0,-121352400.0,rent_gpu_only,equity_only,1.0,0.0,40450800.0,40450800.0,40450800.0,0.0,0.0,0.0,0.0,0.0,0.01876927,0.0,-40450800.0,0.0,-40450800.0,-40450800.0,-40450800.0,40450800.0,40450800.0,0.0,161803200.0,-121352400.0,40450800.0,0.0,40450800.0,0.0
rent_gpu_only,91.300283,4,2027-01,2027,1,0.0,0.0,0.0,41635776.0,8502000.0,0.0,-50137776.0,0.0,-50137776.0,-50137776.0,-0.0,-50137776.0,-121352400.0,-171490176.0,0.0,0.0,-171490176.0,0.0,-171490176.0,rent_gpu_only,equity_only,1.0,0.0,50137776.0,59824752.0,59824752.0,0.0,0.0,0.0,0.0,0.0,0.01876927,0.0,-50137776.0,0.0,-50137776.0,-50137776.0,-50137776.0,50137776.0,50137776.0,0.0,221627952.0,-171490176.0,50137776.0,0.0,50137776.0,0.0
rent_gpu_only,91.300283,5,2027-02,2027,2,0.0,0.0,0.0,50459136.0,8502000.0,0.0,-58961136.0,0.0,-58961136.0,-58961136.0,-0.0,-58961136.0,-171490176.0,-230451312.0,0.0,0.0,-230451312.0,0.0,-230451312.0,rent_gpu_only,equity_only,1.0,0.0,58961136.0,67784496.0,67784496.0,0.0,0.0,0.0,0.0,0.0,0.01876927,0.0,-58961136.0,0.0,-58961136.0,-58961136.0,-58961136.0,58961136.0,58961136.0,0.0,289412448.0,-230451312.0,58961136.0,0.0,58961136.0,0.0
rent_gpu_only,91.300283,6,2027-03,2027,3,0.0,0.0,0.0,50459136.0,8502000.0,0.0,-58961136.0,0.0,-58961136.0,-58961136.0,-0.0,-58961136.0,-230451312.0,-289412448.0,0.0,0.0,-289412448.0,0.0,-289412448.0,rent_gpu_only,equity_only,1.0,0.0,58961136.0,58961136.0,58961136.0,0.0,0.0,0.0,0.0,0.0,0.01876927,0.0,-58961136.0,0.0,-58961136.0,-58961136.0,-58961136.0,58961136.0,58961136.0,0.0,348373584.0,-289412448.0,58961136.0,0.0,58961136.0,0.0
rent_gpu_only,91.300283,7,2027-04,2027,4,44962503.71,20950616.29,65913120.0,52730496.0,8502000.0,0.0,4680624.0,1170156.0,3510468.0,3510468.0,-0.0,3510468.0,-289412448.0,-285901980.0,0.0,0.0,-285901980.0,0.0,-285901980.0,rent_gpu_only,equity_only,1.0,0.0,61232496.0,0.0,0.0,0.0,0.0,0.0,0.0,0.0,0.01876927,0.0,4680624.0,1170156.0,3510468.0,3510468.0,3510468.0,62471604.0,62471604.0,0.0,348373584.0,-285901980.0,62471604.0,0.0,62471604.0,0.0
rent_gpu_only,91.300283,8,2027-05,2027,5,44962503.71,20950616.29,65913120.0,52730496.0,8502000.0,0.0,4680624.0,1170156.0,3510468.0,3510468.0,-0.0,3510468.0,-285901980.0,-282391512.0,0.0,0.0,-282391512.0,0.0,-282391512.0,rent_gpu_only,equity_only,1.0,0.0,61232496.0,0.0,0.0,0.0,0.0,0.0,0.0,0.0,0.01876927,0.0,4680624.0,1170156.0,3510468.0,3510468.0,3510468.0,65982072.0,65982072.0,0.0,348373584.0,-282391512.0,65982072.0,0.0,65982072.0,0.0
rent_gpu_only,91.300283,9,2027-06,2027,6,45856390.47,21367129.53,67223520.0,53778816.0,8502000.0,0.0,4942704.0,1235676.0,3707028.0,3707028.0,-0.0,3707028.0,-282391512.0,-278684484.0,0.0,0.0,-278684484.0,0.0,-278684484.0,rent_gpu_only,equity_only,1.0,0.0,62280816.0,0.0,0.0,0.0,0.0,0.0,0.0,0.0,0.01876927,0.0,4942704.0,1235676.0,3707028.0,3707028.0,3707028.0,69689100.0,69689100.0,0.0,348373584.0,-278684484.0,69689100.0,0.0,69689100.0,0.0
rent_gpu_only,91.300283,10,2027-07,2027,7,48389069.6,22547250.4,70936320.0,56749056.0,8502000.0,0.0,5685264.0,1421316.0,4263948.0,4263948.0,-0.0,4263948.0,-278684484.0,-274420536.0,0.0,0.0,-274420536.0,0.0,-274420536.0,rent_gpu_only,equity_only,1.0,0.0,65251056.0,0.0,0.0,0.0,0.0,0.0,0.0,0.0,0.01876927,0.0,5685264.0,1421316.0,4263948.0,4263948.0,4263948.0,73953048.0,73953048.0,0.0,348373584.0,-274420536.0,73953048.0,0.0,73953048.0,0.0
rent_gpu_only,91.300283,11,2027-08,2027,8,48389069.6,22547250.4,70936320.0,56749056.0,8502000.0,0.0,5685264.0,1421316.0,4263948.0,4263948.0,-0.0,4263948.0,-274420536.0,-270156588.0,0.0,0.0,-270156588.0,0.0,-270156588.0,rent_gpu_only,equity_only,1.0,0.0,65251056.0,0.0,0.0,0.0,0.0,0.0,0.0,0.0,0.01876927,0.0,5685264.0,1421316.0,4263948.0,4263948.0,4263948.0,78216996.0,78216996.0,0.0,348373584.0,-270156588.0,78216996.0,0.0,78216996.0,0.0
rent_gpu_only,91.300283,12,2027-09,2027,9,50325824.23,23449695.77,73775520.0,59020416.0,8502000.0,0.0,6253104.0,1563276.0,4689828.0,4689828.0,-0.0,4689828.0,-270156588.0,-265466760.0,0.0,0.0,-265466760.0,0.0,-265466760.0,rent_gpu_only,equity_only,1.0,0.0,67522416.0,0.0,0.0,0.0,0.0,0.0,0.0,0.0,0.01876927,0.0,6253104.0,1563276.0,4689828.0,4689828.0,4689828.0,82906824.0,82906824.0,0.0,348373584.0,-265466760.0,82906824.0,0.0,82906824.0,0.0
rent_gpu_only,91.300283,13,2027-10,2027,10,50325824.23,23449695.77,73775520.0,59020416.0,8502000.0,0.0,6253104.0,1563276.0,4689828.0,4689828.0,-0.0,4689828.0,-265466760.0,-260776932.0,0.0,0.0,-260776932.0,0.0,-260776932.0,rent_gpu_only,equity_only,1.0,0.0,67522416.0,0.0,0.0,0.0,0.0,0.0,0.0,0.0,0.01876927,0.0,6253104.0,1563276.0,4689828.0,4689828.0,4689828.0,87596652.0,87596652.0,0.0,348373584.0,-260776932.0,87596652.0,0.0,87596652.0,0.0
rent_gpu_only,91.300283,14,2027-11,2027,11,50325824.23,23449695.77,73775520.0,59020416.0,8502000.0,0.0,6253104.0,1563276.0,4689828.0,4689828.0,-0.0,4689828.0,-260776932.0,-256087104.0,0.0,0.0,-256087104.0,0.0,-256087104.0,rent_gpu_only,equity_only,1.0,0.0,67522416.0,0.0,0.0,0.0,0.0,0.0,0.0,0.0,0.01876927,0.0,6253104.0,1563276.0,4689828.0,4689828.0,4689828.0,92286480.0,92286480.0,0.0,348373584.0,-256087104.0,92286480.0,0.0,92286480.0,0.0
rent_gpu_only,91.300283,15,2027-12,2027,12,50325824.23,23449695.77,73775520.0,59020416.0,8502000.0,0.0,6253104.0,1563276.0,4689828.0,4689828.0,-0.0,4689828.0,-256087104.0,-251397276.0,0.0,0.0,-251397276.0,0.0,-251397276.0,rent_gpu_only,equity_only,1.0,0.0,67522416.0,0.0,0.0,0.0,0.0,0.0,0.0,0.0,0.01876927,0.0,6253104.0,1563276.0,4689828.0,4689828.0,4689828.0,96976308.0,96976308.0,0.0,348373584.0,-251397276.0,96976308.0,0.0,96976308.0,0.0
rent_gpu_only,235.968842,16,2028-01,2028,1,71625671.59,23137797.21,94763468.8,71072601.6,8502000.0,0.0,15188867.2,3797216.8,11391650.4,11391650.4,-0.0,11391650.4,-251397276.0,-240005625.6,0.0,0.0,-240005625.6,0.0,-240005625.6,rent_gpu_only,equity_only,1.0,0.0,79574601.6,0.0,0.0,0.0,0.0,0.0,0.0,0.0,0.01876927,0.0,15188867.2,3797216.8,11391650.4,11391650.4,11391650.4,108367958.4,108367958.4,0.0,348373584.0,-240005625.6,108367958.4,0.0,108367958.4,0.0
rent_gpu_only,235.968842,17,2028-02,2028,2,71625671.59,23137797.21,94763468.8,71072601.6,8502000.0,0.0,15188867.2,3797216.8,11391650.4,11391650.4,-0.0,11391650.4,-240005625.6,-228613975.2,0.0,0.0,-228613975.2,0.0,-228613975.2,rent_gpu_only,equity_only,1.0,0.0,79574601.6,0.0,0.0,0.0,0.0,0.0,0.0,0.0,0.01876927,0.0,15188867.2,3797216.8,11391650.4,11391650.4,11391650.4,119759608.8,119759608.8,0.0,348373584.0,-228613975.2,119759608.8,0.0,119759608.8,0.0
rent_gpu_only,235.968842,18,2028-03,2028,3,71625671.59,23137797.21,94763468.8,71072601.6,8502000.0,0.0,15188867.2,3797216.8,11391650.4,11391650.4,-0.0,11391650.4,-228613975.2,-217222324.8,0.0,0.0,-217222324.8,0.0,-217222324.8,rent_gpu_only,equity_only,1.0,0.0,79574601.6,0.0,0.0,0.0,0.0,0.0,0.0,0.0,0.01876927,0.0,15188867.2,3797216.8,11391650.4,11391650.4,11391650.4,131151259.2,131151259.2,0.0,348373584.0,-217222324.8,131151259.2,0.0,131151259.2,0.0
rent_gpu_only,235.968842,19,2028-04,2028,4,71625671.59,23137797.21,94763468.8,71072601.6,8502000.0,0.0,15188867.2,3797216.8,11391650.4,11391650.4,-0.0,11391650.4,-217222324.8,-205830674.4,0.0,0.0,-205830674.4,0.0,-205830674.4,rent_gpu_only,equity_only,1.0,0.0,79574601.6,0.0,0.0,0.0,0.0,0.0,0.0,0.0,0.01876927,0.0,15188867.2,3797216.8,11391650.4,11391650.4,11391650.4,142542909.6,142542909.6,0.0,348373584.0,-205830674.4,142542909.6,0.0,142542909.6,0.0
rent_gpu_only,235.968842,20,2028-05,2028,5,71625671.59,23137797.21,94763468.8,71072601.6,8502000.0,0.0,15188867.2,3797216.8,11391650.4,11391650.4,-0.0,11391650.4,-205830674.4,-194439024.0,0.0,0.0,-194439024.0,0.0,-194439024.0,rent_gpu_only,equity_only,1.0,0.0,79574601.6,0.0,0.0,0.0,0.0,0.0,0.0,0.0,0.01876927,0.0,15188867.2,3797216.8,11391650.4,11391650.4,11391650.4,153934560.0,153934560.0,0.0,348373584.0,-194439024.0,153934560.0,0.0,153934560.0,0.0
rent_gpu_only,235.968842,21,2028-06,2028,6,76041748.69,24564356.91,100606105.6,75454579.2,8502000.0,0.0,16649526.4,4162381.6,12487144.8,12487144.8,-0.0,12487144.8,-194439024.0,-181951879.2,0.0,0.0,-181951879.2,0.0,-181951879.2,rent_gpu_only,equity_only,1.0,0.0,83956579.2,0.0,0.0,0.0,0.0,0.0,0.0,0.0,0.01876927,0.0,16649526.4,4162381.6,12487144.8,12487144.8,12487144.8,166421704.8,166421704.8,0.0,348373584.0,-181951879.2,166421704.8,0.0,166421704.8,0.0
rent_gpu_only,235.968842,22,2028-07,2028,7,76041748.69,24564356.91,100606105.6,75454579.2,8502000.0,0.0,16649526.4,4162381.6,12487144.8,12487144.8,-0.0,12487144.8,-181951879.2,-169464734.4,0.0,0.0,-169464734.4,0.0,-169464734.4,rent_gpu_only,equity_only,1.0,0.0,83956579.2,0.0,0.0,0.0,0.0,0.0,0.0,0.0,0.01876927,0.0,16649526.4,4162381.6,12487144.8,12487144.8,12487144.8,178908849.6,178908849.6,0.0,348373584.0,-169464734.4,178908849.6,0.0,178908849.6,0.0
rent_gpu_only,235.968842,23,2028-08,2028,8,76041748.69,24564356.91,100606105.6,75454579.2,8502000.0,0.0,16649526.4,4162381.6,12487144.8,12487144.8,-0.0,12487144.8,-169464734.4,-156977589.6,0.0,0.0,-156977589.6,0.0,-156977589.6,rent_gpu_only,equity_only,1.0,0.0,83956579.2,0.0,0.0,0.0,0.0,0.0,0.0,0.0,0.01876927,0.0,16649526.4,4162381.6,12487144.8,12487144.8,12487144.8,191395994.4,191395994.4,0.0,348373584.0,-156977589.6,191395994.4,0.0,191395994.4,0.0
rent_gpu_only,235.968842,24,2028-09,2028,9,76041748.69,24564356.91,100606105.6,75454579.2,8502000.0,0.0,16649526.4,4162381.6,12487144.8,12487144.8,-0.0,12487144.8,-156977589.6,-144490444.8,0.0,0.0,-144490444.8,0.0,-144490444.8,rent_gpu_only,equity_only,1.0,0.0,83956579.2,0.0,0.0,0.0,0.0,0.0,0.0,0.0,0.01876927,0.0,16649526.4,4162381.6,12487144.8,12487144.8,12487144.8,203883139.2,203883139.2,0.0,348373584.0,-144490444.8,203883139.2,0.0,203883139.2,0.0
rent_gpu_only,235.968842,25,2028-10,2028,10,76041748.69,24564356.91,100606105.6,75454579.2,8502000.0,0.0,16649526.4,4162381.6,12487144.8,12487144.8,-0.0,12487144.8,-144490444.8,-132003300.0,0.0,0.0,-132003300.0,0.0,-132003300.0,rent_gpu_only,equity_only,1.0,0.0,83956579.2,0.0,0.0,0.0,0.0,0.0,0.0,0.0,0.01876927,0.0,16649526.4,4162381.6,12487144.8,12487144.8,12487144.8,216370284.0,216370284.0,0.0,348373584.0,-132003300.0,216370284.0,0.0,216370284.0,0.0
rent_gpu_only,235.968842,26,2028-11,2028,11,76041748.69,24564356.91,100606105.6,75454579.2,8502000.0,0.0,16649526.4,4162381.6,12487144.8,12487144.8,-0.0,12487144.8,-132003300.0,-119516155.2,0.0,0.0,-119516155.2,0.0,-119516155.2,rent_gpu_only,equity_only,1.0,0.0,83956579.2,0.0,0.0,0.0,0.0,0.0,0.0,0.0,0.01876927,0.0,16649526.4,4162381.6,12487144.8,12487144.8,12487144.8,228857428.8,228857428.8,0.0,348373584.0,-119516155.2,228857428.8,0.0,228857428.8,0.0
rent_gpu_only,235.968842,27,2028-12,2028,12,76041748.69,24564356.91,100606105.6,75454579.2,8502000.0,0.0,16649526.4,4162381.6,12487144.8,12487144.8,-0.0,12487144.8,-119516155.2,-107029010.4,0.0,0.0,-107029010.4,0.0,-107029010.4,rent_gpu_only,equity_only,1.0,0.0,83956579.2,0.0,0.0,0.0,0.0,0.0,0.0,0.0,0.01876927,0.0,16649526.4,4162381.6,12487144.8,12487144.8,12487144.8,241344573.6,241344573.6,0.0,348373584.0,-107029010.4,241344573.6,0.0,241344573.6,0.0
rent_gpu_only,474.029941,28,2029-01,2029,1,99587908.76,16827727.72,116415636.49,81490945.54,8502000.0,0.0,26422690.95,6605672.74,19817018.21,19817018.21,-0.0,19817018.21,-107029010.4,-87211992.19,0.0,0.0,-87211992.19,0.0,-87211992.19,rent_gpu_only,equity_only,1.0,0.0,89992945.54,0.0,0.0,0.0,0.0,0.0,0.0,0.0,0.01876927,0.0,26422690.95,6605672.74,19817018.21,19817018.21,19817018.21,261161591.81,261161591.81,0.0,348373584.0,-87211992.19,261161591.81,0.0,261161591.81,-0.0
rent_gpu_only,474.029941,29,2029-02,2029,2,99587908.76,16827727.72,116415636.49,81490945.54,8502000.0,0.0,26422690.95,6605672.74,19817018.21,19817018.21,-0.0,19817018.21,-87211992.19,-67394973.98,0.0,0.0,-67394973.98,0.0,-67394973.98,rent_gpu_only,equity_only,1.0,0.0,89992945.54,0.0,0.0,0.0,0.0,0.0,0.0,0.0,0.01876927,0.0,26422690.95,6605672.74,19817018.21,19817018.21,19817018.21,280978610.02,280978610.02,0.0,348373584.0,-67394973.97,280978610.02,0.0,280978610.03,-0.0
rent_gpu_only,474.029941,30,2029-03,2029,3,99587908.76,16827727.72,116415636.49,81490945.54,8502000.0,0.0,26422690.95,6605672.74,19817018.21,19817018.21,-0.0,19817018.21,-67394973.98,-47577955.77,0.0,0.0,-47577955.77,0.0,-47577955.77,rent_gpu_only,equity_only,1.0,0.0,89992945.54,0.0,0.0,0.0,0.0,0.0,0.0,0.0,0.01876927,0.0,26422690.95,6605672.74,19817018.21,19817018.21,19817018.21,300795628.23,300795628.23,0.0,348373584.0,-47577955.76,300795628.23,0.0,300795628.24,-0.01
rent_gpu_only,474.029941,31,2029-04,2029,4,99587908.76,16827727.72,116415636.49,81490945.54,8502000.0,0.0,26422690.95,6605672.74,19817018.21,19817018.21,-0.0,19817018.21,-47577955.77,-27760937.56,0.0,0.0,-27760937.56,0.0,-27760937.56,rent_gpu_only,equity_only,1.0,0.0,89992945.54,0.0,0.0,0.0,0.0,0.0,0.0,0.0,0.01876927,0.0,26422690.95,6605672.74,19817018.21,19817018.21,19817018.21,320612646.44,320612646.44,0.0,348373584.0,-27760937.55,320612646.44,0.0,320612646.45,-0.01
rent_gpu_only,474.029941,32,2029-05,2029,5,99587908.76,16827727.72,116415636.49,81490945.54,8502000.0,0.0,26422690.95,6605672.74,19817018.21,19817018.21,-0.0,19817018.21,-27760937.56,-7943919.35,0.0,0.0,-7943919.35,0.0,-7943919.35,rent_gpu_only,equity_only,1.0,0.0,89992945.54,0.0,0.0,0.0,0.0,0.0,0.0,0.0,0.01876927,0.0,26422690.95,6605672.74,19817018.21,19817018.21,19817018.21,340429664.65,340429664.65,0.0,348373584.0,-7943919.34,340429664.65,0.0,340429664.66,-0.01
rent_gpu_only,474.029941,33,2029-06,2029,6,99587908.76,16827727.72,116415636.49,81490945.54,8502000.0,0.0,26422690.95,6605672.74,19817018.21,19817018.21,-0.0,19817018.21,-7943919.35,11873098.86,0.0,0.0,11873098.86,0.0,11873098.86,rent_gpu_only,equity_only,1.0,0.0,89992945.54,0.0,0.0,0.0,0.0,0.0,0.0,0.0,0.01876927,0.0,26422690.95,6605672.74,19817018.21,19817018.21,19817018.21,360246682.86,360246682.86,0.0,348373584.0,11873098.88,360246682.86,0.0,360246682.88,-0.02
rent_gpu_only,474.029941,34,2029-07,2029,7,99587908.76,16827727.72,116415636.49,81490945.54,8502000.0,0.0,26422690.95,6605672.74,19817018.21,19817018.21,-0.0,19817018.21,11873098.86,31690117.06,0.0,0.0,31690117.06,0.0,31690117.06,rent_gpu_only,equity_only,1.0,0.0,89992945.54,0.0,0.0,0.0,0.0,0.0,0.0,0.0,0.01876927,0.0,26422690.95,6605672.74,19817018.21,19817018.21,19817018.21,380063701.07,380063701.07,0.0,348373584.0,31690117.09,380063701.07,0.0,380063701.09,-0.02
rent_gpu_only,474.029941,35,2029-08,2029,8,99587908.76,16827727.72,116415636.49,81490945.54,8502000.0,0.0,26422690.95,6605672.74,19817018.21,19817018.21,-0.0,19817018.21,31690117.06,51507135.27,0.0,0.0,51507135.27,0.0,51507135.27,rent_gpu_only,equity_only,1.0,0.0,89992945.54,0.0,0.0,0.0,0.0,0.0,0.0,0.0,0.01876927,0.0,26422690.95,6605672.74,19817018.21,19817018.21,19817018.21,399880719.28,399880719.28,0.0,348373584.0,51507135.3,399880719.28,0.0,399880719.3,-0.02
rent_gpu_only,474.029941,36,2029-09,2029,9,99587908.76,16827727.72,116415636.49,81490945.54,8502000.0,0.0,26422690.95,6605672.74,19817018.21,19817018.21,-0.0,19817018.21,51507135.27,71324153.48,0.0,0.0,71324153.48,0.0,71324153.48,rent_gpu_only,equity_only,1.0,0.0,89992945.54,0.0,0.0,0.0,0.0,0.0,0.0,0.0,0.01876927,0.0,26422690.95,6605672.74,19817018.21,19817018.21,19817018.21,419697737.49,419697737.49,0.0,348373584.0,71324153.51,419697737.49,0.0,419697737.51,-0.02
rent_gpu_only,474.029941,37,2029-10,2029,10,99587908.76,16827727.72,116415636.49,81490945.54,8502000.0,0.0,26422690.95,6605672.74,19817018.21,19817018.21,-0.0,19817018.21,71324153.48,91141171.69,0.0,0.0,91141171.69,0.0,91141171.69,rent_gpu_only,equity_only,1.0,0.0,89992945.54,0.0,0.0,0.0,0.0,0.0,0.0,0.0,0.01876927,0.0,26422690.95,6605672.74,19817018.21,19817018.21,19817018.21,439514755.7,439514755.7,0.0,348373584.0,91141171.73,439514755.7,0.0,439514755.73,-0.03
rent_gpu_only,474.029941,38,2029-11,2029,11,99587908.76,16827727.72,116415636.49,81490945.54,8502000.0,0.0,26422690.95,6605672.74,19817018.21,19817018.21,-0.0,19817018.21,91141171.69,110958189.9,0.0,0.0,110958189.9,0.0,110958189.9,rent_gpu_only,equity_only,1.0,0.0,89992945.54,0.0,0.0,0.0,0.0,0.0,0.0,0.0,0.01876927,0.0,26422690.95,6605672.74,19817018.21,19817018.21,19817018.21,459331773.91,459331773.91,0.0,348373584.0,110958189.94,459331773.91,0.0,459331773.94,-0.03
rent_gpu_only,474.029941,39,2029-12,2029,12,99587908.76,16827727.72,116415636.49,81490945.54,8502000.0,0.0,26422690.95,6605672.74,19817018.21,19817018.21,-0.0,19817018.21,110958189.9,130775208.11,0.0,0.0,130775208.11,0.0,130775208.11,rent_gpu_only,equity_only,1.0,0.0,89992945.54,0.0,0.0,0.0,0.0,0.0,0.0,0.0,0.01876927,0.0,26422690.95,6605672.74,19817018.21,19817018.21,19817018.21,479148792.12,479148792.12,0.0,348373584.0,130775208.15,479148792.12,0.0,479148792.15,-0.03
rent_gpu_only,533.950803,40,2030-01,2030,1,115505874.4,17387052.17,132892926.57,86380402.27,8502000.0,0.0,38010524.3,9502631.07,28507893.22,28507893.22,-0.0,28507893.22,130775208.11,159283101.34,0.0,0.0,159283101.34,0.0,159283101.34,rent_gpu_only,equity_only,1.0,0.0,94882402.27,0.0,0.0,0.0,0.0,0.0,0.0,0.0,0.01876927,0.0,38010524.3,9502631.07,28507893.22,28507893.22,28507893.22,507656685.34,507656685.34,0.0,348373584.0,159283101.38,507656685.34,0.0,507656685.38,-0.04
rent_gpu_only,533.950803,41,2030-02,2030,2,115505874.4,17387052.17,132892926.57,86380402.27,8502000.0,0.0,38010524.3,9502631.07,28507893.22,28507893.22,-0.0,28507893.22,159283101.34,187790994.56,0.0,0.0,187790994.56,0.0,187790994.56,rent_gpu_only,equity_only,1.0,0.0,94882402.27,0.0,0.0,0.0,0.0,0.0,0.0,0.0,0.01876927,0.0,38010524.3,9502631.07,28507893.22,28507893.22,28507893.22,536164578.56,536164578.56,0.0,348373584.0,187790994.6,536164578.56,0.0,536164578.6,-0.04
rent_gpu_only,533.950803,42,2030-03,2030,3,115505874.4,17387052.17,132892926.57,86380402.27,8502000.0,0.0,38010524.3,9502631.07,28507893.22,28507893.22,-0.0,28507893.22,187790994.56,216298887.78,0.0,0.0,216298887.78,0.0,216298887.78,rent_gpu_only,equity_only,1.0,0.0,94882402.27,0.0,0.0,0.0,0.0,0.0,0.0,0.0,0.01876927,0.0,38010524.3,9502631.07,28507893.22,28507893.22,28507893.22,564672471.78,564672471.78,0.0,348373584.0,216298887.83,564672471.78,0.0,564672471.83,-0.05
rent_gpu_only,533.950803,43,2030-04,2030,4,115505874.4,17387052.17,132892926.57,86380402.27,8502000.0,0.0,38010524.3,9502631.07,28507893.22,28507893.22,-0.0,28507893.22,216298887.78,244806781.01,0.0,0.0,244806781.01,0.0,244806781.01,rent_gpu_only,equity_only,1.0,0.0,94882402.27,0.0,0.0,0.0,0.0,0.0,0.0,0.0,0.01876927,0.0,38010524.3,9502631.07,28507893.22,28507893.22,28507893.22,593180365.0,593180365.0,0.0,348373584.0,244806781.05,593180365.0,0.0,593180365.05,-0.05
rent_gpu_only,533.950803,44,2030-05,2030,5,115505874.4,17387052.17,132892926.57,86380402.27,8502000.0,0.0,38010524.3,9502631.07,28507893.22,28507893.22,-0.0,28507893.22,244806781.01,273314674.23,0.0,0.0,273314674.23,0.0,273314674.23,rent_gpu_only,equity_only,1.0,0.0,94882402.27,0.0,0.0,0.0,0.0,0.0,0.0,0.0,0.01876927,0.0,38010524.3,9502631.07,28507893.22,28507893.22,28507893.22,621688258.22,621688258.22,0.0,348373584.0,273314674.28,621688258.22,0.0,621688258.28,-0.06
rent_gpu_only,533.950803,45,2030-06,2030,6,115505874.4,17387052.17,132892926.57,86380402.27,8502000.0,0.0,38010524.3,9502631.07,28507893.22,28507893.22,-0.0,28507893.22,273314674.23,301822567.46,0.0,0.0,301822567.46,0.0,301822567.46,rent_gpu_only,equity_only,1.0,0.0,94882402.27,0.0,0.0,0.0,0.0,0.0,0.0,0.0,0.01876927,0.0,38010524.3,9502631.07,28507893.22,28507893.22,28507893.22,650196151.44,650196151.44,0.0,348373584.0,301822567.5,650196151.44,0.0,650196151.5,-0.06
rent_gpu_only,533.950803,46,2030-07,2030,7,115505874.4,17387052.17,132892926.57,86380402.27,8502000.0,0.0,38010524.3,9502631.07,28507893.22,28507893.22,-0.0,28507893.22,301822567.46,330330460.68,0.0,0.0,330330460.68,0.0,330330460.68,rent_gpu_only,equity_only,1.0,0.0,94882402.27,0.0,0.0,0.0,0.0,0.0,0.0,0.0,0.01876927,0.0,38010524.3,9502631.07,28507893.22,28507893.22,28507893.22,678704044.66,678704044.66,0.0,348373584.0,330330460.73,678704044.66,0.0,678704044.73,-0.07
rent_gpu_only,533.950803,47,2030-08,2030,8,115505874.4,17387052.17,132892926.57,86380402.27,8502000.0,0.0,38010524.3,9502631.07,28507893.22,28507893.22,-0.0,28507893.22,330330460.68,358838353.91,0.0,0.0,358838353.91,0.0,358838353.91,rent_gpu_only,equity_only,1.0,0.0,94882402.27,0.0,0.0,0.0,0.0,0.0,0.0,0.0,0.01876927,0.0,38010524.3,9502631.07,28507893.22,28507893.22,28507893.22,707211937.88,707211937.88,0.0,348373584.0,358838353.95,707211937.88,0.0,707211937.95,-0.07
rent_gpu_only,533.950803,48,2030-09,2030,9,115505874.4,17387052.17,132892926.57,86380402.27,8502000.0,0.0,38010524.3,9502631.07,28507893.22,28507893.22,-0.0,28507893.22,358838353.91,387346247.13,0.0,0.0,387346247.13,0.0,387346247.13,rent_gpu_only,equity_only,1.0,0.0,94882402.27,0.0,0.0,0.0,0.0,0.0,0.0,0.0,0.01876927,0.0,38010524.3,9502631.07,28507893.22,28507893.22,28507893.22,735719831.1,735719831.1,0.0,348373584.0,387346247.18,735719831.1,0.0,735719831.18,-0.08
rent_gpu_only,533.950803,49,2030-10,2030,10,115505874.4,17387052.17,132892926.57,86380402.27,8502000.0,0.0,38010524.3,9502631.07,28507893.22,28507893.22,-0.0,28507893.22,387346247.13,415854140.36,0.0,0.0,415854140.36,0.0,415854140.36,rent_gpu_only,equity_only,1.0,0.0,94882402.27,0.0,0.0,0.0,0.0,0.0,0.0,0.0,0.01876927,0.0,38010524.3,9502631.07,28507893.22,28507893.22,28507893.22,764227724.32,764227724.32,0.0,348373584.0,415854140.4,764227724.32,0.0,764227724.4,-0.08
rent_gpu_only,533.950803,50,2030-11,2030,11,115505874.4,17387052.17,132892926.57,86380402.27,8502000.0,0.0,38010524.3,9502631.07,28507893.22,28507893.22,-0.0,28507893.22,415854140.36,444362033.58,0.0,0.0,444362033.58,0.0,444362033.58,rent_gpu_only,equity_only,1.0,0.0,94882402.27,0.0,0.0,0.0,0.0,0.0,0.0,0.0,0.01876927,0.0,38010524.3,9502631.07,28507893.22,28507893.22,28507893.22,792735617.54,792735617.54,0.0,348373584.0,444362033.63,792735617.54,0.0,792735617.63,-0.09
rent_gpu_only,533.950803,51,2030-12,2030,12,115505874.4,17387052.17,132892926.57,86380402.27,8502000.0,0.0,38010524.3,9502631.07,28507893.22,28507893.22,-0.0,28507893.22,444362033.58,472869926.8,0.0,0.0,472869926.8,0.0,472869926.8,rent_gpu_only,equity_only,1.0,0.0,94882402.27,0.0,0.0,0.0,0.0,0.0,0.0,0.0,0.01876927,0.0,38010524.3,9502631.07,28507893.22,28507893.22,28507893.22,821243510.76,821243510.76,0.0,348373584.0,472869926.85,821243510.76,0.0,821243510.85,-0.09
rent_gpu_only,23.998097,1,2026-10,2026,10,0.0,0.0,0.0,31948800.0,8502000.0,0.0,-40450800.0,0.0,-40450800.0,-40450800.0,-0.0,-40450800.0,0.0,-40450800.0,0.0,0.0,-40450800.0,0.0,-40450800.0,rent_gpu_only,revolver_only,0.0,1.0,40450800.0,80901600.0,0.0,80901600.0,0.0,0.0,80901600.0,40450800.0,0.01876927,759231.79,-41210031.79,0.0,-41210031.79,-41210031.79,-41210031.79,39691568.21,39691568.21,80901600.0,0.0,-41210031.79,39691568.21,80901600.0,-41210031.79,0.0
rent_gpu_only,23.998097,2,2026-11,2026,11,0.0,0.0,0.0,31948800.0,8502000.0,0.0,-40450800.0,0.0,-40450800.0,-40450800.0,-0.0,-40450800.0,-40450800.0,-80901600.0,0.0,0.0,-80901600.0,0.0,-80901600.0,rent_gpu_only,revolver_only,0.0,1.0,40450800.0,41210031.79,0.0,41210031.79,0.0,80901600.0,122111631.79,101506615.89,0.01876927,1905204.59,-42356004.59,0.0,-42356004.59,-42356004.59,-42356004.59,38545595.41,38545595.41,122111631.79,0.0,-83566036.37,38545595.41,122111631.79,-83566036.37,0.0
rent_gpu_only,23.998097,3,2026-12,2026,12,0.0,0.0,0.0,31948800.0,8502000.0,0.0,-40450800.0,0.0,-40450800.0,-40450800.0,-0.0,-40450800.0,-80901600.0,-121352400.0,0.0,0.0,-121352400.0,0.0,-121352400.0,rent_gpu_only,revolver_only,0.0,1.0,40450800.0,42356004.59,0.0,42356004.59,0.0,122111631.79,164467636.37,143289634.08,0.01876927,2689441.13,-43140241.13,0.0,-43140241.13,-43140241.13,-43140241.13,37761358.87,37761358.87,164467636.37,0.0,-126706277.51,37761358.87,164467636.37,-126706277.51,0.0
rent_gpu_only,91.300283,4,2027-01,2027,1,0.0,0.0,0.0,41635776.0,8502000.0,0.0,-50137776.0,0.0,-50137776.0,-50137776.0,-0.0,-50137776.0,-121352400.0,-171490176.0,0.0,0.0,-171490176.0,0.0,-171490176.0,rent_gpu_only,revolver_only,0.0,1.0,50137776.0,62514193.13,0.0,62514193.13,0.0,164467636.37,226981829.51,195724732.94,0.01876927,3673609.4,-53811385.4,0.0,-53811385.4,-53811385.4,-53811385.4,46464166.6,46464166.6,226981829.51,0.0,-180517662.91,46464166.6,226981829.51,-180517662.91,0.0
rent_gpu_only,91.300283,5,2027-02,2027,2,0.0,0.0,0.0,50459136.0,8502000.0,0.0,-58961136.0,0.0,-58961136.0,-58961136.0,-0.0,-58961136.0,-171490176.0,-230451312.0,0.0,0.0,-230451312.0,0.0,-230451312.0,rent_gpu_only,revolver_only,0.0,1.0,58961136.0,71458105.4,0.0,71458105.4,0.0,226981829.51,298439934.91,262710882.21,0.01876927,4930890.2,-63892026.2,0.0,-63892026.2,-63892026.2,-63892026.2,54030245.8,54030245.8,298439934.91,0.0,-244409689.11,54030245.8,298439934.91,-244409689.11,0.0
rent_gpu_only,91.300283,6,2027-03,2027,3,0.0,0.0,0.0,50459136.0,8502000.0,0.0,-58961136.0,0.0,-58961136.0,-58961136.0,-0.0,-58961136.0,-230451312.0,-289412448.0,0.0,0.0,-289412448.0,0.0,-289412448.0,rent_gpu_only,revolver_only,0.0,1.0,58961136.0,63892026.2,0.0,63892026.2,0.0,298439934.91,362331961.11,330385948.01,0.01876927,6201101.45,-65162237.45,0.0,-65162237.45,-65162237.45,-65162237.45,52760034.55,52760034.55,362331961.11,0.0,-309571926.56,52760034.55,362331961.11,-309571926.56,0.0
rent_gpu_only,91.300283,7,2027-04,2027,4,44962503.71,20950616.29,65913120.0,52730496.0,8502000.0,0.0,4680624.0,1170156.0,3510468.0,3510468.0,-0.0,3510468.0,-289412448.0,-285901980.0,0.0,0.0,-285901980.0,0.0,-285901980.0,rent_gpu_only,revolver_only,0.0,1.0,61232496.0,4961993.45,0.0,4961993.45,0.0,362331961.11,367293954.56,364812957.83,0.01876927,6847271.13,-2166647.13,0.0,-2166647.13,-2166647.13,-2166647.13,54385224.87,54385224.87,367293954.56,0.0,-311738573.68,54385224.87,367293954.56,-311738573.68,-1170156.0
rent_gpu_only,91.300283,8,2027-05,2027,5,44962503.71,20950616.29,65913120.0,52730496.0,8502000.0,0.0,4680624.0,1170156.0,3510468.0,3510468.0,-0.0,3510468.0,-285901980.0,-282391512.0,0.0,0.0,-282391512.0,0.0,-282391512.0,rent_gpu_only,revolver_only,0.0,1.0,61232496.0,3336803.13,0.0,3336803.13,0.0,367293954.56,370630757.68,368962356.12,0.01876927,6925152.28,-2244528.28,0.0,-2244528.28,-2244528.28,-2244528.28,54307343.72,54307343.72,370630757.68,0.0,-313983101.97,54307343.72,370630757.68,-313983101.97,-2340312.0
rent_gpu_only,91.300283,9,2027-06,2027,6,45856390.47,21367129.53,67223520.0,53778816.0,8502000.0,0.0,4942704.0,1235676.0,3707028.0,3707028.0,-0.0,3707028.0,-282391512.0,-278684484.0,0.0,0.0,-278684484.0,0.0,-278684484.0,rent_gpu_only,revolver_only,0.0,1.0,62280816.0,4266444.28,0.0,4266444.28,0.0,370630757.68,374897201.97,372763979.82,0.01876927,6996505.97,-2053801.97,0.0,-2053801.97,-2053801.97,-2053801.97,55284310.03,55284310.03,374897201.97,0.0,-316036903.93,55284310.03,374897201.97,-316036903.93,-3575988.0
rent_gpu_only,91.300283,10,2027-07,2027,7,48389069.6,22547250.4,70936320.0,56749056.0,8502000.0,0.0,5685264.0,1421316.0,4263948.0,4263948.0,-0.0,4263948.0,-278684484.0,-274420536.0,0.0,0.0,-274420536.0,0.0,-274420536.0,rent_gpu_only,revolver_only,0.0,1.0,65251056.0,5702797.97,0.0,5702797.97,0.0,374897201.97,380599999.93,377748600.95,0.01876927,7090063.64,-1404799.64,0.0,-1404799.64,-1404799.64,-1404799.64,58160992.36,58160992.36,380599999.93,0.0,-317441703.57,58160992.36,380599999.93,-317441703.57,-4997304.0
rent_gpu_only,91.300283,11,2027-08,2027,8,48389069.6,22547250.4,70936320.0,56749056.0,8502000.0,0.0,5685264.0,1421316.0,4263948.0,4263948.0,-0.0,4263948.0,-274420536.0,-270156588.0,0.0,0.0,-270156588.0,0.0,-270156588.0,rent_gpu_only,revolver_only,0.0,1.0,65251056.0,2826115.64,0.0,2826115.64,0.0,380599999.93,383426115.57,382013057.75,0.01876927,7170104.36,-1484840.36,0.0,-1484840.36,-1484840.36,-1484840.36,58080951.64,58080951.64,383426115.57,0.0,-318926543.93,58080951.64,383426115.57,-318926543.93,-6418620.0
rent_gpu_only,91.300283,12,2027-09,2027,9,50325824.23,23449695.77,73775520.0,59020416.0,8502000.0,0.0,6253104.0,1563276.0,4689828.0,4689828.0,-0.0,4689828.0,-270156588.0,-265466760.0,0.0,0.0,-265466760.0,0.0,-265466760.0,rent_gpu_only,revolver_only,0.0,1.0,67522416.0,4751636.36,0.0,4751636.36,0.0,383426115.57,388177751.93,385801933.75,0.01876927,7241218.78,-988114.78,0.0,-988114.78,-988114.78,-988114.78,60281197.22,60281197.22,388177751.93,0.0,-319914658.71,60281197.22,388177751.93,-319914658.71,-7981896.0
rent_gpu_only,91.300283,13,2027-10,2027,10,50325824.23,23449695.77,73775520.0,59020416.0,8502000.0,0.0,6253104.0,1563276.0,4689828.0,4689828.0,-0.0,4689828.0,-265466760.0,-260776932.0,0.0,0.0,-260776932.0,0.0,-260776932.0,rent_gpu_only,revolver_only,0.0,1.0,67522416.0,2551390.78,0.0,2551390.78,0.0,388177751.93,390729142.71,389453447.32,0.01876927,7309755.01,-1056651.01,0.0,-1056651.01,-1056651.01,-1056651.01,60212660.99,60212660.99,390729142.71,0.0,-320971309.72,60212660.99,390729142.71,-320971309.72,-9545172.0
rent_gpu_only,91.300283,14,2027-11,2027,11,50325824.23,23449695.77,73775520.0,59020416.0,8502000.0,0.0,6253104.0,1563276.0,4689828.0,4689828.0,-0.0,4689828.0,-260776932.0,-256087104.0,0.0,0.0,-256087104.0,0.0,-256087104.0,rent_gpu_only,revolver_only,0.0,1.0,67522416.0,2619927.01,0.0,2619927.01,0.0,390729142.71,393349069.72,392039106.21,0.01876927,7358285.92,-1105181.92,0.0,-1105181.92,-1105181.92,-1105181.92,60164130.08,60164130.08,393349069.72,0.0,-322076491.64,60164130.08,393349069.72,-322076491.64,-11108448.0
rent_gpu_only,91.300283,15,2027-12,2027,12,50325824.23,23449695.77,73775520.0,59020416.0,8502000.0,0.0,6253104.0,1563276.0,4689828.0,4689828.0,-0.0,4689828.0,-256087104.0,-251397276.0,0.0,0.0,-251397276.0,0.0,-251397276.0,rent_gpu_only,revolver_only,0.0,1.0,67522416.0,2668457.92,0.0,2668457.92,0.0,393349069.72,396017527.64,394683298.68,0.01876927,7407915.47,-1154811.47,0.0,-1154811.47,-1154811.47,-1154811.47,60114500.53,60114500.53,396017527.64,0.0,-323231303.11,60114500.53,396017527.64,-323231303.11,-12671724.0
rent_gpu_only,235.968842,16,2028-01,2028,1,71625671.59,23137797.21,94763468.8,71072601.6,8502000.0,0.0,15188867.2,3797216.8,11391650.4,11391650.4,-0.0,11391650.4,-251397276.0,-240005625.6,0.0,0.0,-240005625.6,0.0,-240005625.6,rent_gpu_only,revolver_only,0.0,1.0,79574601.6,8068450.67,0.0,8068450.67,0.0,396017527.64,404085978.31,400051752.97,0.01876927,7508677.41,7680189.79,1920047.45,5760142.34,5760142.34,5760142.34,72065924.19,72065924.19,404085978.31,0.0,-317471160.77,72065924.19,404085978.31,-317471160.77,-14548893.35
rent_gpu_only,235.968842,17,2028-02,2028,2,71625671.59,23137797.21,94763468.8,71072601.6,8502000.0,0.0,15188867.2,3797216.8,11391650.4,11391650.4,-0.0,11391650.4,-240005625.6,-228613975.2,0.0,0.0,-228613975.2,0.0,-228613975.2,rent_gpu_only,revolver_only,0.0,1.0,79574601.6,0.0,0.0,0.0,3882972.99,404085978.31,400203005.32,402144491.82,0.01876927,7547956.58,7640910.62,1910227.65,5730682.96,5730682.96,5730682.96,72026645.02,72026645.02,400203005.32,0.0,-311740477.81,72026645.02,400203005.32,-311740477.81,-16435882.5
rent_gpu_only,235.968842,18,2028-03,2028,3,71625671.59,23137797.21,94763468.8,71072601.6,8502000.0,0.0,15188867.2,3797216.8,11391650.4,11391650.4,-0.0,11391650.4,-228613975.2,-217222324.8,0.0,0.0,-217222324.8,0.0,-217222324.8,rent_gpu_only,revolver_only,0.0,1.0,79574601.6,0.0,0.0,0.0,3843693.82,400203005.32,396359311.51,398281158.42,0.01876927,7475444.66,7713422.54,1928355.64,5785066.91,5785066.91,5785066.91,72099156.94,72099156.94,396359311.51,0.0,-305955410.9,72099156.94,396359311.51,-305955410.9,-18304743.66
rent_gpu_only,235.968842,19,2028-04,2028,4,71625671.59,23137797.21,94763468.8,71072601.6,8502000.0,0.0,15188867.2,3797216.8,11391650.4,11391650.4,-0.0,11391650.4,-217222324.8,-205830674.4,0.0,0.0,-205830674.4,0.0,-205830674.4,rent_gpu_only,revolver_only,0.0,1.0,79574601.6,0.0,0.0,0.0,3916205.74,396359311.51,392443105.76,394401208.64,0.01876927,7402620.85,7786246.35,1946561.59,5839684.76,5839684.76,5839684.76,72171980.75,72171980.75,392443105.76,0.0,-300115726.14,72171980.75,392443105.76,-300115726.14,-20155398.88
rent_gpu_only,235.968842,20,2028-05,2028,5,71625671.59,23137797.21,94763468.8,71072601.6,8502000.0,0.0,15188867.2,3797216.8,11391650.4,11391650.4,-0.0,11391650.4,-205830674.4,-194439024.0,0.0,0.0,-194439024.0,0.0,-194439024.0,rent_gpu_only,revolver_only,0.0,1.0,79574601.6,0.0,0.0,0.0,3989029.55,392443105.76,388454076.21,390448590.99,0.01876927,7328433.12,7860434.08,1965108.52,5895325.56,5895325.56,5895325.56,72246168.48,72246168.48,388454076.21,0.0,-294220400.58,72246168.48,388454076.21,-294220400.58,-21987507.16
rent_gpu_only,235.968842,21,2028-06,2028,6,76041748.69,24564356.91,100606105.6,75454579.2,8502000.0,0.0,16649526.4,4162381.6,12487144.8,12487144.8,-0.0,12487144.8,-194439024.0,-181951879.2,0.0,0.0,-181951879.2,0.0,-181951879.2,rent_gpu_only,revolver_only,0.0,1.0,83956579.2,0.0,0.0,0.0,776734.08,388454076.21,387677342.13,388065709.17,0.01876927,7283708.18,9365818.22,2341454.55,7024363.66,7024363.66,7024363.66,76672871.02,76672871.02,387677342.13,0.0,-287196036.91,76672871.02,387677342.13,-287196036.91,-23808434.2
rent_gpu_only,235.968842,22,2028-07,2028,7,76041748.69,24564356.91,100606105.6,75454579.2,8502000.0,0.0,16649526.4,4162381.6,12487144.8,12487144.8,-0.0,12487144.8,-181951879.2,-169464734.4,0.0,0.0,-169464734.4,0.0,-169464734.4,rent_gpu_only,revolver_only,0.0,1.0,83956579.2,0.0,0.0,0.0,5203436.62,387677342.13,382473905.51,385075623.82,0.01876927,7227586.48,9421939.92,2355484.98,7066454.94,7066454.94,7066454.94,76728992.72,76728992.72,382473905.51,0.0,-280129581.97,76728992.72,382473905.51,-280129581.97,-25615330.82
rent_gpu_only,235.968842,23,2028-08,2028,8,76041748.69,24564356.91,100606105.6,75454579.2,8502000.0,0.0,16649526.4,4162381.6,12487144.8,12487144.8,-0.0,12487144.8,-169464734.4,-156977589.6,0.0,0.0,-156977589.6,0.0,-156977589.6,rent_gpu_only,revolver_only,0.0,1.0,83956579.2,0.0,0.0,0.0,5259558.32,382473905.51,377214347.19,379844126.35,0.01876927,7129395.11,9520131.29,2380032.82,7140098.47,7140098.47,7140098.47,76827184.09,76827184.09,377214347.19,0.0,-272989483.5,76827184.09,377214347.19,-272989483.5,-27397679.6
rent_gpu_only,235.968842,24,2028-09,2028,9,76041748.69,24564356.91,100606105.6,75454579.2,8502000.0,0.0,16649526.4,4162381.6,12487144.8,12487144.8,-0.0,12487144.8,-156977589.6,-144490444.8,0.0,0.0,-144490444.8,0.0,-144490444.8,rent_gpu_only,revolver_only,0.0,1.0,83956579.2,0.0,0.0,0.0,5357749.69,377214347.19,371856597.5,374535472.35,0.01876927,7029755.58,9619770.82,2404942.71,7214828.12,7214828.12,7214828.12,76926823.62,76926823.62,371856597.5,0.0,-265774655.39,76926823.62,371856597.5,-265774655.39,-29155118.49
rent_gpu_only,235.968842,25,2028-10,2028,10,76041748.69,24564356.91,100606105.6,75454579.2,8502000.0,0.0,16649526.4,4162381.6,12487144.8,12487144.8,-0.0,12487144.8,-144490444.8,-132003300.0,0.0,0.0,-132003300.0,0.0,-132003300.0,rent_gpu_only,revolver_only,0.0,1.0,83956579.2,0.0,0.0,0.0,5457389.22,371856597.5,366399208.28,369127902.89,0.01876927,6928259.47,9721266.93,2430316.73,7290950.2,7290950.2,7290950.2,77028319.73,77028319.73,366399208.28,0.0,-258483705.19,77028319.73,366399208.28,-258483705.19,-30887183.36
rent_gpu_only,235.968842,26,2028-11,2028,11,76041748.69,24564356.91,100606105.6,75454579.2,8502000.0,0.0,16649526.4,4162381.6,12487144.8,12487144.8,-0.0,12487144.8,-132003300.0,-119516155.2,0.0,0.0,-119516155.2,0.0,-119516155.2,rent_gpu_only,revolver_only,0.0,1.0,83956579.2,0.0,0.0,0.0,5558885.33,366399208.28,360840322.95,363619765.62,0.01876927,6824875.78,9824650.62,2456162.65,7368487.96,7368487.96,7368487.96,77131703.42,77131703.42,360840322.95,0.0,-251115217.23,77131703.42,360840322.95,-251115217.23,-32593402.31
rent_gpu_only,235.968842,27,2028-12,2028,12,76041748.69,24564356.91,100606105.6,75454579.2,8502000.0,0.0,16649526.4,4162381.6,12487144.8,12487144.8,-0.0,12487144.8,-119516155.2,-107029010.4,0.0,0.0,-107029010.4,0.0,-107029010.4,rent_gpu_only,revolver_only,0.0,1.0,83956579.2,0.0,0.0,0.0,5662269.02,360840322.95,355178053.94,358009188.44,0.01876927,6719569.37,9929957.03,2482489.26,7447467.77,7447467.77,7447467.77,77237009.83,77237009.83,355178053.94,0.0,-243667749.46,77237009.83,355178053.94,-243667749.46,-34273294.65
rent_gpu_only,474.029941,28,2029-01,2029,1,99587908.76,16827727.72,116415636.49,81490945.54,8502000.0,0.0,26422690.95,6605672.74,19817018.21,19817018.21,-0.0,19817018.21,-107029010.4,-87211992.19,0.0,0.0,-87211992.19,0.0,-87211992.19,rent_gpu_only,revolver_only,0.0,1.0,89992945.54,0.0,0.0,0.0,7061082.5,355178053.94,348116971.44,351647512.69,0.01876927,6600165.39,19822525.56,4955631.39,14866894.17,14866894.17,14866894.17,83392780.15,83392780.15,348116971.44,0.0,-228800855.29,83392780.15,348116971.44,-228800855.29,-35923336.0
rent_gpu_only,474.029941,29,2029-02,2029,2,99587908.76,16827727.72,116415636.49,81490945.54,8502000.0,0.0,26422690.95,6605672.74,19817018.21,19817018.21,-0.0,19817018.21,-87211992.19,-67394973.98,0.0,0.0,-67394973.98,0.0,-67394973.98,rent_gpu_only,revolver_only,0.0,1.0,89992945.54,0.0,0.0,0.0,13216852.82,348116971.44,334900118.63,341508545.03,0.01876927,6409864.42,20012826.53,5003206.63,15009619.9,15009619.9,15009619.9,83583081.12,83583081.12,334900118.63,0.0,-213791235.4,83583081.12,334900118.63,-213791235.4,-37525802.11
rent_gpu_only,474.029941,30,2029-03,2029,3,99587908.76,16827727.72,116415636.49,81490945.54,8502000.0,0.0,26422690.95,6605672.74,19817018.21,19817018.21,-0.0,19817018.21,-67394973.98,-47577955.77,0.0,0.0,-47577955.77,0.0,-47577955.77,rent_gpu_only,revolver_only,0.0,1.0,89992945.54,0.0,0.0,0.0,13407153.79,334900118.63,321492964.84,328196541.73,0.01876927,6160007.9,20262683.05,5065670.76,15197012.28,15197012.28,15197012.28,83832937.64,83832937.64,321492964.84,0.0,-198594223.11,83832937.64,321492964.84,-198594223.11,-39065804.09
rent_gpu_only,474.029941,31,2029-04,2029,4,99587908.76,16827727.72,116415636.49,81490945.54,8502000.0,0.0,26422690.95,6605672.74,19817018.21,19817018.21,-0.0,19817018.21,-47577955.77,-27760937.56,0.0,0.0,-27760937.56,0.0,-27760937.56,rent_gpu_only,revolver_only,0.0,1.0,89992945.54,0.0,0.0,0.0,13657010.31,321492964.84,307835954.53,314664459.69,0.01876927,5906020.67,20516670.28,5129167.57,15387502.71,15387502.71,15387502.71,84086924.87,84086924.87,307835954.53,0.0,-183206720.4,84086924.87,307835954.53,-183206720.4,-40542309.26
rent_gpu_only,474.029941,32,2029-05,2029,5,99587908.76,16827727.72,116415636.49,81490945.54,8502000.0,0.0,26422690.95,6605672.74,19817018.21,19817018.21,-0.0,19817018.21,-27760937.56,-7943919.35,0.0,0.0,-7943919.35,0.0,-7943919.35,rent_gpu_only,revolver_only,0.0,1.0,89992945.54,0.0,0.0,0.0,13910997.54,307835954.53,293924956.99,300880455.76,0.01876927,5647305.04,20775385.91,5193846.48,15581539.43,15581539.43,15581539.43,84345640.5,84345640.5,293924956.99,0.0,-167625180.97,84345640.5,293924956.99,-167625180.97,-41954135.52
rent_gpu_only,474.029941,33,2029-06,2029,6,99587908.76,16827727.72,116415636.49,81490945.54,8502000.0,0.0,26422690.95,6605672.74,19817018.21,19817018.21,-0.0,19817018.21,-7943919.35,11873098.86,0.0,0.0,11873098.86,0.0,11873098.86,rent_gpu_only,revolver_only,0.0,1.0,89992945.54,0.0,0.0,0.0,14169713.17,293924956.99,279755243.82,286840100.41,0.01876927,5383777.89,21038913.06,5259728.26,15779184.79,15779184.79,15779184.79,84609167.65,84609167.65,279755243.82,0.0,-151845996.18,84609167.65,279755243.82,-151845996.18,-43300080.0
rent_gpu_only,474.029941,34,2029-07,2029,7,99587908.76,16827727.72,116415636.49,81490945.54,8502000.0,0.0,26422690.95,6605672.74,19817018.21,19817018.21,-0.0,19817018.21,11873098.86,31690117.06,0.0,0.0,31690117.06,0.0,31690117.06,rent_gpu_only,revolver_only,0.0,1.0,89992945.54,0.0,0.0,0.0,14433240.32,279755243.82,265322003.51,272538623.67,0.01876927,5115349.68,21307341.27,5326835.32,15980505.95,15980505.95,15980505.95,84877595.86,84877595.86,265322003.51,0.0,-135865490.23,84877595.86,265322003.51,-135865490.23,-44578917.42
rent_gpu_only,474.029941,35,2029-08,2029,8,99587908.76,16827727.72,116415636.49,81490945.54,8502000.0,0.0,26422690.95,6605672.74,19817018.21,19817018.21,-0.0,19817018.21,31690117.06,51507135.27,0.0,0.0,51507135.27,0.0,51507135.27,rent_gpu_only,revolver_only,0.0,1.0,89992945.54,0.0,0.0,0.0,14701668.53,265322003.51,250620334.98,257971169.24,0.01876927,4841929.27,21580761.68,5395190.42,16185571.26,16185571.26,16185571.26,85151016.27,85151016.27,250620334.98,0.0,-119679918.97,85151016.27,250620334.98,-119679918.97,-45789399.74
rent_gpu_only,474.029941,36,2029-09,2029,9,99587908.76,16827727.72,116415636.49,81490945.54,8502000.0,0.0,26422690.95,6605672.74,19817018.21,19817018.21,-0.0,19817018.21,51507135.27,71324153.48,0.0,0.0,71324153.48,0.0,71324153.48,rent_gpu_only,revolver_only,0.0,1.0,89992945.54,0.0,0.0,0.0,14975088.94,250620334.98,235645246.04,243132790.51,0.01876927,4563423.8,21859267.15,5464816.79,16394450.36,16394450.36,16394450.36,85429521.74,85429521.74,235645246.04,0.0,-103285468.61,85429521.74,235645246.04,-103285468.61,-46930255.69
rent_gpu_only,474.029941,37,2029-10,2029,10,99587908.76,16827727.72,116415636.49,81490945.54,8502000.0,0.0,26422690.95,6605672.74,19817018.21,19817018.21,-0.0,19817018.21,71324153.48,91141171.69,0.0,0.0,91141171.69,0.0,91141171.69,rent_gpu_only,revolver_only,0.0,1.0,89992945.54,0.0,0.0,0.0,15253594.41,235645246.04,220391651.63,228018448.84,0.01876927,4279738.72,22142952.23,5535738.06,16607214.17,16607214.17,16607214.17,85713206.82,85713206.82,220391651.63,0.0,-86678254.44,85713206.82,220391651.63,-86678254.44,-48000190.38
rent_gpu_only,474.029941,38,2029-11,2029,11,99587908.76,16827727.72,116415636.49,81490945.54,8502000.0,0.0,26422690.95,6605672.74,19817018.21,19817018.21,-0.0,19817018.21,91141171.69,110958189.9,0.0,0.0,110958189.9,0.0,110958189.9,rent_gpu_only,revolver_only,0.0,1.0,89992945.54,0.0,0.0,0.0,15537279.49,220391651.63,204854372.14,212623011.89,0.01876927,3990777.68,22431913.27,5607978.32,16823934.95,16823934.95,16823934.95,86002167.86,86002167.86,204854372.14,0.0,-69854319.49,86002167.86,204854372.14,-69854319.49,-48997884.8
rent_gpu_only,474.029941,39,2029-12,2029,12,99587908.76,16827727.72,116415636.49,81490945.54,8502000.0,0.0,26422690.95,6605672.74,19817018.21,19817018.21,-0.0,19817018.21,110958189.9,130775208.11,0.0,0.0,130775208.11,0.0,130775208.11,rent_gpu_only,revolver_only,0.0,1.0,89992945.54,0.0,0.0,0.0,15826240.53,204854372.14,189028131.61,196941251.88,0.01876927,3696442.57,22726248.38,5681562.1,17044686.29,17044686.29,17044686.29,86296502.97,86296502.97,189028131.61,0.0,-52809633.2,86296502.97,189028131.61,-52809633.2,-49921995.44
rent_gpu_only,533.950803,40,2030-01,2030,1,115505874.4,17387052.17,132892926.57,86380402.27,8502000.0,0.0,38010524.3,9502631.07,28507893.22,28507893.22,-0.0,28507893.22,130775208.11,159283101.34,0.0,0.0,159283101.34,0.0,159283101.34,rent_gpu_only,revolver_only,0.0,1.0,94882402.27,0.0,0.0,0.0,19921993.92,189028131.61,169106137.69,179067134.65,0.01876927,3360958.52,34649565.78,8662391.44,25987174.33,25987174.33,25987174.33,91521443.75,91521443.75,169106137.69,0.0,-26822458.87,91521443.75,169106137.69,-26822458.87,-50762235.08
rent_gpu_only,533.950803,41,2030-02,2030,2,115505874.4,17387052.17,132892926.57,86380402.27,8502000.0,0.0,38010524.3,9502631.07,28507893.22,28507893.22,-0.0,28507893.22,159283101.34,187790994.56,0.0,0.0,187790994.56,0.0,187790994.56,rent_gpu_only,revolver_only,0.0,1.0,94882402.27,0.0,0.0,0.0,25146934.7,169106137.69,143959203.0,156532670.35,0.01876927,2938003.19,35072521.11,8768130.28,26304390.83,26304390.83,26304390.83,91944399.08,91944399.08,143959203.0,0.0,-518068.04,91944399.08,143959203.0,-518068.04,-51496735.88
rent_gpu_only,533.950803,42,2030-03,2030,3,115505874.4,17387052.17,132892926.57,86380402.27,8502000.0,0.0,38010524.3,9502631.07,28507893.22,28507893.22,-0.0,28507893.22,187790994.56,216298887.78,0.0,0.0,216298887.78,0.0,216298887.78,rent_gpu_only,revolver_only,0.0,1.0,94882402.27,0.0,0.0,0.0,25569890.03,143959203.0,118389312.97,131174257.98,0.01876927,2462044.43,35548479.87,8887119.97,26661359.91,26661359.91,26661359.91,92420357.84,92420357.84,118389312.97,0.0,26143291.87,92420357.84,118389312.97,26143291.87,-52112246.99
rent_gpu_only,533.950803,43,2030-04,2030,4,115505874.4,17387052.17,132892926.57,86380402.27,8502000.0,0.0,38010524.3,9502631.07,28507893.22,28507893.22,-0.0,28507893.22,216298887.78,244806781.01,0.0,0.0,244806781.01,0.0,244806781.01,rent_gpu_only,revolver_only,0.0,1.0,94882402.27,0.0,0.0,0.0,26045848.79,118389312.97,92343464.17,105366388.57,0.01876927,1977649.68,36032874.62,9008218.65,27024655.96,27024655.96,27024655.96,92904752.59,92904752.59,92343464.17,0.0,53167947.83,92904752.59,92343464.17,53167947.83,-52606659.42
rent_gpu_only,533.950803,44,2030-05,2030,5,115505874.4,17387052.17,132892926.57,86380402.27,8502000.0,0.0,38010524.3,9502631.07,28507893.22,28507893.22,-0.0,28507893.22,244806781.01,273314674.23,0.0,0.0,273314674.23,0.0,273314674.23,rent_gpu_only,revolver_only,0.0,1.0,94882402.27,0.0,0.0,0.0,26530243.54,92343464.17,65813220.64,79078342.4,0.01876927,1484242.37,36526281.93,9131570.48,27394711.44,27394711.44,27394711.44,93398159.9,93398159.9,65813220.64,0.0,80562659.28,93398159.9,65813220.64,80562659.28,-52977720.02
rent_gpu_only,533.950803,45,2030-06,2030,6,115505874.4,17387052.17,132892926.57,86380402.27,8502000.0,0.0,38010524.3,9502631.07,28507893.22,28507893.22,-0.0,28507893.22,273314674.23,301822567.46,0.0,0.0,301822567.46,0.0,301822567.46,rent_gpu_only,revolver_only,0.0,1.0,94882402.27,0.0,0.0,0.0,27023650.85,65813220.64,38789569.79,52301395.21,0.01876927,981658.75,37028865.55,9257216.39,27771649.16,27771649.16,27771649.16,93900743.52,93900743.52,38789569.79,0.0,108334308.44,93900743.52,38789569.79,108334308.44,-53223134.71
rent_gpu_only,533.950803,46,2030-07,2030,7,115505874.4,17387052.17,132892926.57,86380402.27,8502000.0,0.0,38010524.3,9502631.07,28507893.22,28507893.22,-0.0,28507893.22,301822567.46,330330460.68,0.0,0.0,330330460.68,0.0,330330460.68,rent_gpu_only,revolver_only,0.0,1.0,94882402.27,0.0,0.0,0.0,27526234.47,38789569.79,11263335.32,25026452.56,0.01876927,469728.12,37540796.18,9385199.04,28155597.13,28155597.13,28155597.13,94412674.15,94412674.15,11263335.32,0.0,136489905.57,94412674.15,11263335.32,136489905.57,-53340566.75
rent_gpu_only,533.950803,47,2030-08,2030,8,115505874.4,17387052.17,132892926.57,86380402.27,8502000.0,0.0,38010524.3,9502631.07,28507893.22,28507893.22,-0.0,28507893.22,330330460.68,358838353.91,0.0,0.0,358838353.91,0.0,358838353.91,rent_gpu_only,revolver_only,0.0,1.0,94882402.27,0.0,0.0,0.0,11263335.32,11263335.32,0.0,5631667.66,0.01876927,105702.26,37904822.04,9476205.51,28428616.53,28428616.53,28428616.53,111551529.78,111551529.78,0.0,0.0,164918522.1,111551529.78,0.0,164918522.1,-53366992.32
rent_gpu_only,533.950803,48,2030-09,2030,9,115505874.4,17387052.17,132892926.57,86380402.27,8502000.0,0.0,38010524.3,9502631.07,28507893.22,28507893.22,-0.0,28507893.22,358838353.91,387346247.13,0.0,0.0,387346247.13,0.0,387346247.13,rent_gpu_only,revolver_only,0.0,1.0,94882402.27,0.0,0.0,0.0,0.0,0.0,0.0,0.0,0.01876927,0.0,38010524.3,9502631.07,28507893.22,28507893.22,28507893.22,140059423.0,140059423.0,0.0,0.0,193426415.32,140059423.0,0.0,193426415.32,-53366992.32
rent_gpu_only,533.950803,49,2030-10,2030,10,115505874.4,17387052.17,132892926.57,86380402.27,8502000.0,0.0,38010524.3,9502631.07,28507893.22,28507893.22,-0.0,28507893.22,387346247.13,415854140.36,0.0,0.0,415854140.36,0.0,415854140.36,rent_gpu_only,revolver_only,0.0,1.0,94882402.27,0.0,0.0,0.0,0.0,0.0,0.0,0.0,0.01876927,0.0,38010524.3,9502631.07,28507893.22,28507893.22,28507893.22,168567316.22,168567316.22,0.0,0.0,221934308.55,168567316.22,0.0,221934308.55,-53366992.33
rent_gpu_only,533.950803,50,2030-11,2030,11,115505874.4,17387052.17,132892926.57,86380402.27,8502000.0,0.0,38010524.3,9502631.07,28507893.22,28507893.22,-0.0,28507893.22,415854140.36,444362033.58,0.0,0.0,444362033.58,0.0,444362033.58,rent_gpu_only,revolver_only,0.0,1.0,94882402.27,0.0,0.0,0.0,0.0,0.0,0.0,0.0,0.01876927,0.0,38010524.3,9502631.07,28507893.22,28507893.22,28507893.22,197075209.44,197075209.44,0.0,0.0,250442201.77,197075209.44,0.0,250442201.77,-53366992.33
rent_gpu_only,533.950803,51,2030-12,2030,12,115505874.4,17387052.17,132892926.57,86380402.27,8502000.0,0.0,38010524.3,9502631.07,28507893.22,28507893.22,-0.0,28507893.22,444362033.58,472869926.8,0.0,0.0,472869926.8,0.0,472869926.8,rent_gpu_only,revolver_only,0.0,1.0,94882402.27,0.0,0.0,0.0,0.0,0.0,0.0,0.0,0.01876927,0.0,38010524.3,9502631.07,28507893.22,28507893.22,28507893.22,225583102.66,225583102.66,0.0,0.0,278950095.0,225583102.66,0.0,278950095.0,-53366992.34
rent_gpu_only,23.998097,1,2026-10,2026,10,0.0,0.0,0.0,31948800.0,8502000.0,0.0,-40450800.0,0.0,-40450800.0,-40450800.0,-0.0,-40450800.0,0.0,-40450800.0,0.0,0.0,-40450800.0,0.0,-40450800.0,rent_gpu_only,mix,0.5,0.5,40450800.0,80901600.0,40450800.0,40450800.0,0.0,0.0,40450800.0,20225400.0,0.01876927,379615.89,-40830415.89,0.0,-40830415.89,-40830415.89,-40830415.89,40071184.11,40071184.11,40450800.0,40450800.0,-40830415.89,40071184.11,40450800.0,-379615.89,0.0
rent_gpu_only,23.998097,2,2026-11,2026,11,0.0,0.0,0.0,31948800.0,8502000.0,0.0,-40450800.0,0.0,-40450800.0,-40450800.0,-0.0,-40450800.0,-40450800.0,-80901600.0,0.0,0.0,-80901600.0,0.0,-80901600.0,rent_gpu_only,mix,0.5,0.5,40450800.0,40830415.89,20415207.95,20415207.95,0.0,40450800.0,60866007.95,50658403.97,0.01876927,950821.01,-41401621.01,0.0,-41401621.01,-41401621.01,-41401621.01,39499978.99,39499978.99,60866007.95,60866007.95,-82232036.91,39499978.99,60866007.95,-21366028.96,0.0
rent_gpu_only,23.998097,3,2026-12,2026,12,0.0,0.0,0.0,31948800.0,8502000.0,0.0,-40450800.0,0.0,-40450800.0,-40450800.0,-0.0,-40450800.0,-80901600.0,-121352400.0,0.0,0.0,-121352400.0,0.0,-121352400.0,rent_gpu_only,mix,0.5,0.5,40450800.0,41401621.01,20700810.51,20700810.51,0.0,60866007.95,81566818.45,71216413.2,0.01876927,1336679.74,-41787479.74,0.0,-41787479.74,-41787479.74,-41787479.74,39114120.26,39114120.26,81566818.45,81566818.45,-124019516.65,39114120.26,81566818.45,-42452698.2,0.0
rent_gpu_only,91.300283,4,2027-01,2027,1,0.0,0.0,0.0,41635776.0,8502000.0,0.0,-50137776.0,0.0,-50137776.0,-50137776.0,-0.0,-50137776.0,-121352400.0,-171490176.0,0.0,0.0,-171490176.0,0.0,-171490176.0,rent_gpu_only,mix,0.5,0.5,50137776.0,61161431.74,30580715.87,30580715.87,0.0,81566818.45,112147534.32,96857176.39,0.01876927,1817938.02,-51955714.02,0.0,-51955714.02,-51955714.02,-51955714.02,48319837.98,48319837.98,112147534.32,112147534.32,-175975230.67,48319837.98,112147534.32,-63827696.35,-0.0
rent_gpu_only,91.300283,5,2027-02,2027,2,0.0,0.0,0.0,50459136.0,8502000.0,0.0,-58961136.0,0.0,-58961136.0,-58961136.0,-0.0,-58961136.0,-171490176.0,-230451312.0,0.0,0.0,-230451312.0,0.0,-230451312.0,rent_gpu_only,mix,0.5,0.5,58961136.0,69602434.02,34801217.01,34801217.01,0.0,112147534.32,146948751.34,129548142.83,0.01876927,2431523.44,-61392659.44,0.0,-61392659.44,-61392659.44,-61392659.44,56529612.56,56529612.56,146948751.34,146948751.34,-237367890.11,56529612.56,146948751.34,-90419138.78,0.0
rent_gpu_only,91.300283,6,2027-03,2027,3,0.0,0.0,0.0,50459136.0,8502000.0,0.0,-58961136.0,0.0,-58961136.0,-58961136.0,-0.0,-58961136.0,-230451312.0,-289412448.0,0.0,0.0,-289412448.0,0.0,-289412448.0,rent_gpu_only,mix,0.5,0.5,58961136.0,61392659.44,30696329.72,30696329.72,0.0,146948751.34,177645081.06,162296916.2,0.01876927,3046193.85,-62007329.85,0.0,-62007329.85,-62007329.85,-62007329.85,55914942.15,55914942.15,177645081.06,177645081.06,-299375219.96,55914942.15,177645081.06,-121730138.9,0.0
rent_gpu_only,91.300283,7,2027-04,2027,4,44962503.71,20950616.29,65913120.0,52730496.0,8502000.0,0.0,4680624.0,1170156.0,3510468.0,3510468.0,-0.0,3510468.0,-289412448.0,-285901980.0,0.0,0.0,-285901980.0,0.0,-285901980.0,rent_gpu_only,mix,0.5,0.5,61232496.0,1807085.85,903542.92,903542.92,0.0,177645081.06,178548623.98,178096852.52,0.01876927,3342747.04,1337876.96,334469.24,1003407.72,1003407.72,1003407.72,57889748.96,57889748.96,178548623.98,178548623.98,-298371812.24,57889748.96,178548623.98,-119823188.26,-835686.76
rent_gpu_only,91.300283,8,2027-05,2027,5,44962503.71,20950616.29,65913120.0,52730496.0,8502000.0,0.0,4680624.0,1170156.0,3510468.0,3510468.0,-0.0,3510468.0,-285901980.0,-282391512.0,0.0,0.0,-282391512.0,0.0,-282391512.0,rent_gpu_only,mix,0.5,0.5,61232496.0,0.0,0.0,0.0,167720.96,178548623.98,178380903.02,178464763.5,0.01876927,3349652.46,1330971.54,332742.88,998228.65,998228.65,998228.65,57882843.54,57882843.54,178380903.02,178548623.98,-297373583.59,57882843.54,178380903.02,-118824959.61,-1673099.88
rent_gpu_only,91.300283,9,2027-06,2027,6,45856390.47,21367129.53,67223520.0,53778816.0,8502000.0,0.0,4942704.0,1235676.0,3707028.0,3707028.0,-0.0,3707028.0,-282391512.0,-278684484.0,0.0,0.0,-278684484.0,0.0,-278684484.0,rent_gpu_only,mix,0.5,0.5,62280816.0,690944.46,345472.23,345472.23,0.0,178380903.02,178726375.25,178553639.14,0.01876927,3351320.59,1591383.41,397845.85,1193537.56,1193537.56,1193537.56,58929495.41,58929495.41,178726375.25,178894096.21,-296180046.03,58929495.41,178726375.25,-117285949.82,-2510930.02
rent_gpu_only,91.300283,10,2027-07,2027,7,48389069.6,22547250.4,70936320.0,56749056.0,8502000.0,0.0,5685264.0,1421316.0,4263948.0,4263948.0,-0.0,4263948.0,-278684484.0,-274420536.0,0.0,0.0,-274420536.0,0.0,-274420536.0,rent_gpu_only,mix,0.5,0.5,65251056.0,2057612.59,1028806.3,1028806.3,0.0,178726375.25,179755181.55,179240778.4,0.01876927,3364217.69,2321046.31,580261.58,1740784.73,1740784.73,1740784.73,61886838.31,61886838.31,179755181.55,179922902.51,-294439261.3,61886838.31,179755181.55,-114516358.79,-3351984.45
rent_gpu_only,91.300283,11,2027-08,2027,8,48389069.6,22547250.4,70936320.0,56749056.0,8502000.0,0.0,5685264.0,1421316.0,4263948.0,4263948.0,-0.0,4263948.0,-274420536.0,-270156588.0,0.0,0.0,-270156588.0,0.0,-270156588.0,rent_gpu_only,mix,0.5,0.5,65251056.0,0.0,0.0,0.0,899730.31,179755181.55,178855451.24,179305316.39,0.01876927,3365429.02,2319834.98,579958.74,1739876.23,1739876.23,1739876.23,61885626.98,61885626.98,178855451.24,179922902.51,-292699385.06,61885626.98,178855451.24,-112776482.56,-4193341.7
rent_gpu_only,91.300283,12,2027-09,2027,9,50325824.23,23449695.77,73775520.0,59020416.0,8502000.0,0.0,6253104.0,1563276.0,4689828.0,4689828.0,-0.0,4689828.0,-270156588.0,-265466760.0,0.0,0.0,-265466760.0,0.0,-265466760.0,rent_gpu_only,mix,0.5,0.5,67522416.0,946961.02,473480.51,473480.51,0.0,178855451.24,179328931.75,179092191.49,0.01876927,3361428.82,2891675.18,722918.79,2168756.38,2168756.38,2168756.38,64160987.18,64160987.18,179328931.75,180396383.02,-290530628.68,64160987.18,179328931.75,-110134245.67,-5033698.91
rent_gpu_only,91.300283,13,2027-10,2027,10,50325824.23,23449695.77,73775520.0,59020416.0,8502000.0,0.0,6253104.0,1563276.0,4689828.0,4689828.0,-0.0,4689828.0,-265466760.0,-260776932.0,0.0,0.0,-260776932.0,0.0,-260776932.0,rent_gpu_only,mix,0.5,0.5,67522416.0,0.0,0.0,0.0,1328399.18,179328931.75,178000532.57,178664732.16,0.01876927,3353405.73,2899698.27,724924.57,2174773.71,2174773.71,2174773.71,64169010.27,64169010.27,178000532.57,180396383.02,-288355854.98,64169010.27,178000532.57,-107959471.96,-5872050.34
rent_gpu_only,91.300283,14,2027-11,2027,11,50325824.23,23449695.77,73775520.0,59020416.0,8502000.0,0.0,6253104.0,1563276.0,4689828.0,4689828.0,-0.0,4689828.0,-260776932.0,-256087104.0,0.0,0.0,-256087104.0,0.0,-256087104.0,rent_gpu_only,mix,0.5,0.5,67522416.0,0.0,0.0,0.0,1336422.27,178000532.57,176664110.3,177332321.44,0.01876927,3328397.36,2924706.64,731176.66,2193529.98,2193529.98,2193529.98,64194018.64,64194018.64,176664110.3,180396383.02,-286162324.99,64194018.64,176664110.3,-105765941.98,-6704149.68
rent_gpu_only,91.300283,15,2027-12,2027,12,50325824.23,23449695.77,73775520.0,59020416.0,8502000.0,0.0,6253104.0,1563276.0,4689828.0,4689828.0,-0.0,4689828.0,-256087104.0,-251397276.0,0.0,0.0,-251397276.0,0.0,-251397276.0,rent_gpu_only,mix,0.5,0.5,67522416.0,0.0,0.0,0.0,1361430.64,176664110.3,175302679.65,175983394.98,0.01876927,3303079.0,2950025.0,737506.25,2212518.75,2212518.75,2212518.75,64219337.0,64219337.0,175302679.65,180396383.02,-283949806.24,64219337.0,175302679.65,-103553423.22,-7529919.43
rent_gpu_only,235.968842,16,2028-01,2028,1,71625671.59,23137797.21,94763468.8,71072601.6,8502000.0,0.0,15188867.2,3797216.8,11391650.4,11391650.4,-0.0,11391650.4,-251397276.0,-240005625.6,0.0,0.0,-240005625.6,0.0,-240005625.6,rent_gpu_only,mix,0.5,0.5,79574601.6,3963614.2,1981807.1,1981807.1,0.0,175302679.65,177284486.75,176293583.2,0.01876927,3308901.0,11879966.2,2969991.55,8909974.65,8909974.65,8909974.65,76265700.6,76265700.6,177284486.75,182378190.12,-275039831.59,76265700.6,177284486.75,-92661641.48,-8357144.68
rent_gpu_only,235.968842,17,2028-02,2028,2,71625671.59,23137797.21,94763468.8,71072601.6,8502000.0,0.0,15188867.2,3797216.8,11391650.4,11391650.4,-0.0,11391650.4,-240005625.6,-228613975.2,0.0,0.0,-228613975.2,0.0,-228613975.2,rent_gpu_only,mix,0.5,0.5,79574601.6,0.0,0.0,0.0,8082749.4,177284486.75,169201737.36,173243112.05,0.01876927,3251645.9,11937221.3,2984305.32,8952915.97,8952915.97,8952915.97,76322955.7,76322955.7,169201737.36,182378190.12,-266086915.62,76322955.7,169201737.36,-83708725.5,-9170056.15
rent_gpu_only,235.968842,18,2028-03,2028,3,71625671.59,23137797.21,94763468.8,71072601.6,8502000.0,0.0,15188867.2,3797216.8,11391650.4,11391650.4,-0.0,11391650.4,-228613975.2,-217222324.8,0.0,0.0,-217222324.8,0.0,-217222324.8,rent_gpu_only,mix,0.5,0.5,79574601.6,0.0,0.0,0.0,8140004.5,169201737.36,161061732.86,165131735.11,0.01876927,3099401.32,12089465.88,3022366.47,9067099.41,9067099.41,9067099.41,76475200.28,76475200.28,161061732.86,182378190.12,-257019816.21,76475200.28,161061732.86,-74641626.09,-9944906.48
rent_gpu_only,235.968842,19,2028-04,2028,4,71625671.59,23137797.21,94763468.8,71072601.6,8502000.0,0.0,15188867.2,3797216.8,11391650.4,11391650.4,-0.0,11391650.4,-217222324.8,-205830674.4,0.0,0.0,-205830674.4,0.0,-205830674.4,rent_gpu_only,mix,0.5,0.5,79574601.6,0.0,0.0,0.0,8292249.08,161061732.86,152769483.77,156915608.31,0.01876927,2945190.65,12243676.55,3060919.14,9182757.41,9182757.41,9182757.41,76629410.95,76629410.95,152769483.77,182378190.12,-247837058.8,76629410.95,152769483.77,-65458868.68,-10681204.15
rent_gpu_only,235.968842,20,2028-05,2028,5,71625671.59,23137797.21,94763468.8,71072601.6,8502000.0,0.0,15188867.2,3797216.8,11391650.4,11391650.4,-0.0,11391650.4,-205830674.4,-194439024.0,0.0,0.0,-194439024.0,0.0,-194439024.0,rent_gpu_only,mix,0.5,0.5,79574601.6,0.0,0.0,0.0,8446459.75,152769483.77,144323024.03,148546253.9,0.01876927,2788104.02,12400763.18,3100190.79,9300572.38,9300572.38,9300572.38,76786497.58,76786497.58,144323024.03,182378190.12,-238536486.41,76786497.58,144323024.03,-56158296.3,-11378230.15
rent_gpu_only,235.968842,21,2028-06,2028,6,76041748.69,24564356.91,100606105.6,75454579.2,8502000.0,0.0,16649526.4,4162381.6,12487144.8,12487144.8,-0.0,12487144.8,-194439024.0,-181951879.2,0.0,0.0,-181951879.2,0.0,-181951879.2,rent_gpu_only,mix,0.5,0.5,83956579.2,0.0,0.0,0.0,5317063.18,144323024.03,139005960.85,141664492.44,0.01876927,2658938.42,13990587.98,3497647.0,10492940.99,10492940.99,10492940.99,81297640.78,81297640.78,139005960.85,182378190.12,-228043545.43,81297640.78,139005960.85,-45665355.31,-12042964.76
rent_gpu_only,235.968842,22,2028-07,2028,7,76041748.69,24564356.91,100606105.6,75454579.2,8502000.0,0.0,16649526.4,4162381.6,12487144.8,12487144.8,-0.0,12487144.8,-181951879.2,-169464734.4,0.0,0.0,-169464734.4,0.0,-169464734.4,rent_gpu_only,mix,0.5,0.5,83956579.2,0.0,0.0,0.0,9828206.38,139005960.85,129177754.47,134091857.66,0.01876927,2516805.63,14132720.77,3533180.19,10599540.58,10599540.58,10599540.58,81439773.57,81439773.57,129177754.47,182378190.12,-217444004.85,81439773.57,129177754.47,-35065814.73,-12672166.16
rent_gpu_only,235.968842,23,2028-08,2028,8,76041748.69,24564356.91,100606105.6,75454579.2,8502000.0,0.0,16649526.4,4162381.6,12487144.8,12487144.8,-0.0,12487144.8,-169464734.4,-156977589.6,0.0,0.0,-156977589.6,0.0,-156977589.6,rent_gpu_only,mix,0.5,0.5,83956579.2,0.0,0.0,0.0,9970339.17,129177754.47,119207415.29,124192584.88,0.01876927,2331003.55,14318522.85,3579630.71,10738892.14,10738892.14,10738892.14,81625575.65,81625575.65,119207415.29,182378190.12,-206705112.71,81625575.65,119207415.29,-24326922.59,-13254917.05
rent_gpu_only,235.968842,24,2028-09,2028,9,76041748.69,24564356.91,100606105.6,75454579.2,8502000.0,0.0,16649526.4,4162381.6,12487144.8,12487144.8,-0.0,12487144.8,-156977589.6,-144490444.8,0.0,0.0,-144490444.8,0.0,-144490444.8,rent_gpu_only,mix,0.5,0.5,83956579.2,0.0,0.0,0.0,10156141.25,119207415.29,109051274.04,114129344.67,0.01876927,2142123.93,14507402.47,3626850.62,10880551.85,10880551.85,10880551.85,81814455.27,81814455.27,109051274.04,182378190.12,-195824560.86,81814455.27,109051274.04,-13446370.74,-13790448.03
rent_gpu_only,235.968842,25,2028-10,2028,10,76041748.69,24564356.91,100606105.6,75454579.2,8502000.0,0.0,16649526.4,4162381.6,12487144.8,12487144.8,-0.0,12487144.8,-144490444.8,-132003300.0,0.0,0.0,-132003300.0,0.0,-132003300.0,rent_gpu_only,mix,0.5,0.5,83956579.2,0.0,0.0,0.0,10345020.87,109051274.04,98706253.17,103878763.61,0.01876927,1949728.05,14699798.35,3674949.59,11024848.76,11024848.76,11024848.76,82006851.15,82006851.15,98706253.17,182378190.12,-184799712.1,82006851.15,98706253.17,-2421521.98,-14277880.05
rent_gpu_only,235.968842,26,2028-11,2028,11,76041748.69,24564356.91,100606105.6,75454579.2,8502000.0,0.0,16649526.4,4162381.6,12487144.8,12487144.8,-0.0,12487144.8,-132003300.0,-119516155.2,0.0,0.0,-119516155.2,0.0,-119516155.2,rent_gpu_only,mix,0.5,0.5,83956579.2,0.0,0.0,0.0,10537416.75,98706253.17,88168836.43,93437544.8,0.01876927,1753754.05,14895772.35,3723943.09,11171829.26,11171829.26,11171829.26,82202825.15,82202825.15,88168836.43,182378190.12,-173627882.83,82202825.15,88168836.43,8750307.28,-14716318.56
rent_gpu_only,235.968842,27,2028-12,2028,12,76041748.69,24564356.91,100606105.6,75454579.2,8502000.0,0.0,16649526.4,4162381.6,12487144.8,12487144.8,-0.0,12487144.8,-119516155.2,-107029010.4,0.0,0.0,-107029010.4,0.0,-107029010.4,rent_gpu_only,mix,0.5,0.5,83956579.2,0.0,0.0,0.0,10733390.75,88168836.43,77435445.68,82802141.05,0.01876927,1554135.34,15095391.06,3773847.77,11321543.3,11321543.3,11321543.3,82402443.86,82402443.86,77435445.68,182378190.12,-162306339.54,82402443.86,77435445.68,20071850.58,-15104852.39
rent_gpu_only,474.029941,28,2029-01,2029,1,99587908.76,16827727.72,116415636.49,81490945.54,8502000.0,0.0,26422690.95,6605672.74,19817018.21,19817018.21,-0.0,19817018.21,-107029010.4,-87211992.19,0.0,0.0,-87211992.19,0.0,-87211992.19,rent_gpu_only,mix,0.5,0.5,89992945.54,0.0,0.0,0.0,12226516.53,77435445.68,65208929.15,71322187.41,0.01876927,1338665.04,25084025.91,6271006.48,18813019.43,18813019.43,18813019.43,88654280.5,88654280.5,65208929.15,182378190.12,-143493320.11,88654280.5,65208929.15,38884870.01,-15439518.66
rent_gpu_only,474.029941,29,2029-02,2029,2,99587908.76,16827727.72,116415636.49,81490945.54,8502000.0,0.0,26422690.95,6605672.74,19817018.21,19817018.21,-0.0,19817018.21,-87211992.19,-67394973.98,0.0,0.0,-67394973.98,0.0,-67394973.98,rent_gpu_only,mix,0.5,0.5,89992945.54,0.0,0.0,0.0,18478353.17,65208929.15,46730575.98,55969752.56,0.01876927,1050511.12,25372179.83,6343044.96,19029134.87,19029134.87,19029134.87,88942434.42,88942434.42,46730575.98,182378190.12,-124464185.24,88942434.42,46730575.98,57914004.88,-15702146.44
rent_gpu_only,474.029941,30,2029-03,2029,3,99587908.76,16827727.72,116415636.49,81490945.54,8502000.0,0.0,26422690.95,6605672.74,19817018.21,19817018.21,-0.0,19817018.21,-67394973.98,-47577955.77,0.0,0.0,-47577955.77,0.0,-47577955.77,rent_gpu_only,mix,0.5,0.5,89992945.54,0.0,0.0,0.0,18766507.09,46730575.98,27964068.89,37347322.44,0.01876927,700981.8,25721709.15,6430427.29,19291281.87,19291281.87,19291281.87,89291963.74,89291963.74,27964068.89,182378190.12,-105172903.37,89291963.74,27964068.89,77205286.74,-15877391.89
rent_gpu_only,474.029941,31,2029-04,2029,4,99587908.76,16827727.72,116415636.49,81490945.54,8502000.0,0.0,26422690.95,6605672.74,19817018.21,19817018.21,-0.0,19817018.21,-47577955.77,-27760937.56,0.0,0.0,-27760937.56,0.0,-27760937.56,rent_gpu_only,mix,0.5,0.5,89992945.54,0.0,0.0,0.0,19116036.41,27964068.89,8848032.48,18406050.69,0.01876927,345468.05,26077222.9,6519305.73,19557917.18,19557917.18,19557917.18,89647477.49,89647477.49,8848032.48,182378190.12,-85614986.2,89647477.49,8848032.48,96763203.92,-15963758.91
rent_gpu_only,474.029941,32,2029-05,2029,5,99587908.76,16827727.72,116415636.49,81490945.54,8502000.0,0.0,26422690.95,6605672.74,19817018.21,19817018.21,-0.0,19817018.21,-27760937.56,-7943919.35,0.0,0.0,-7943919.35,0.0,-7943919.35,rent_gpu_only,mix,0.5,0.5,89992945.54,0.0,0.0,0.0,8848032.48,8848032.48,0.0,4424016.24,0.01876927,83035.53,26339655.42,6584913.85,19754741.56,19754741.56,19754741.56,100533427.69,100533427.69,0.0,182378190.12,-65860244.63,100533427.69,0.0,116517945.48,-15984517.79
rent_gpu_only,474.029941,33,2029-06,2029,6,99587908.76,16827727.72,116415636.49,81490945.54,8502000.0,0.0,26422690.95,6605672.74,19817018.21,19817018.21,-0.0,19817018.21,-7943919.35,11873098.86,0.0,0.0,11873098.86,0.0,11873098.86,rent_gpu_only,mix,0.5,0.5,89992945.54,0.0,0.0,0.0,0.0,0.0,0.0,0.0,0.01876927,0.0,26422690.95,6605672.74,19817018.21,19817018.21,19817018.21,120350445.9,120350445.9,0.0,182378190.12,-46043226.42,120350445.9,0.0,136334963.69,-15984517.79
rent_gpu_only,474.029941,34,2029-07,2029,7,99587908.76,16827727.72,116415636.49,81490945.54,8502000.0,0.0,26422690.95,6605672.74,19817018.21,19817018.21,-0.0,19817018.21,11873098.86,31690117.06,0.0,0.0,31690117.06,0.0,31690117.06,rent_gpu_only,mix,0.5,0.5,89992945.54,0.0,0.0,0.0,0.0,0.0,0.0,0.0,0.01876927,0.0,26422690.95,6605672.74,19817018.21,19817018.21,19817018.21,140167464.11,140167464.11,0.0,182378190.12,-26226208.21,140167464.11,0.0,156151981.91,-15984517.8
rent_gpu_only,474.029941,35,2029-08,2029,8,99587908.76,16827727.72,116415636.49,81490945.54,8502000.0,0.0,26422690.95,6605672.74,19817018.21,19817018.21,-0.0,19817018.21,31690117.06,51507135.27,0.0,0.0,51507135.27,0.0,51507135.27,rent_gpu_only,mix,0.5,0.5,89992945.54,0.0,0.0,0.0,0.0,0.0,0.0,0.0,0.01876927,0.0,26422690.95,6605672.74,19817018.21,19817018.21,19817018.21,159984482.32,159984482.32,0.0,182378190.12,-6409190.0,159984482.32,0.0,175969000.12,-15984517.8
rent_gpu_only,474.029941,36,2029-09,2029,9,99587908.76,16827727.72,116415636.49,81490945.54,8502000.0,0.0,26422690.95,6605672.74,19817018.21,19817018.21,-0.0,19817018.21,51507135.27,71324153.48,0.0,0.0,71324153.48,0.0,71324153.48,rent_gpu_only,mix,0.5,0.5,89992945.54,0.0,0.0,0.0,0.0,0.0,0.0,0.0,0.01876927,0.0,26422690.95,6605672.74,19817018.21,19817018.21,19817018.21,179801500.53,179801500.53,0.0,182378190.12,13407828.22,179801500.53,0.0,195786018.33,-15984517.8
rent_gpu_only,474.029941,37,2029-10,2029,10,99587908.76,16827727.72,116415636.49,81490945.54,8502000.0,0.0,26422690.95,6605672.74,19817018.21,19817018.21,-0.0,19817018.21,71324153.48,91141171.69,0.0,0.0,91141171.69,0.0,91141171.69,rent_gpu_only,mix,0.5,0.5,89992945.54,0.0,0.0,0.0,0.0,0.0,0.0,0.0,0.01876927,0.0,26422690.95,6605672.74,19817018.21,19817018.21,19817018.21,199618518.74,199618518.74,0.0,182378190.12,33224846.43,199618518.74,0.0,215603036.54,-15984517.8
rent_gpu_only,474.029941,38,2029-11,2029,11,99587908.76,16827727.72,116415636.49,81490945.54,8502000.0,0.0,26422690.95,6605672.74,19817018.21,19817018.21,-0.0,19817018.21,91141171.69,110958189.9,0.0,0.0,110958189.9,0.0,110958189.9,rent_gpu_only,mix,0.5,0.5,89992945.54,0.0,0.0,0.0,0.0,0.0,0.0,0.0,0.01876927,0.0,26422690.95,6605672.74,19817018.21,19817018.21,19817018.21,219435536.95,219435536.95,0.0,182378190.12,53041864.64,219435536.95,0.0,235420054.76,-15984517.81
rent_gpu_only,474.029941,39,2029-12,2029,12,99587908.76,16827727.72,116415636.49,81490945.54,8502000.0,0.0,26422690.95,6605672.74,19817018.21,19817018.21,-0.0,19817018.21,110958189.9,130775208.11,0.0,0.0,130775208.11,0.0,130775208.11,rent_gpu_only,mix,0.5,0.5,89992945.54,0.0,0.0,0.0,0.0,0.0,0.0,0.0,0.01876927,0.0,26422690.95,6605672.74,19817018.21,19817018.21,19817018.21,239252555.16,239252555.16,0.0,182378190.12,72858882.85,239252555.16,0.0,255237072.97,-15984517.81
rent_gpu_only,533.950803,40,2030-01,2030,1,115505874.4,17387052.17,132892926.57,86380402.27,8502000.0,0.0,38010524.3,9502631.07,28507893.22,28507893.22,-0.0,28507893.22,130775208.11,159283101.34,0.0,0.0,159283101.34,0.0,159283101.34,rent_gpu_only,mix,0.5,0.5,94882402.27,0.0,0.0,0.0,0.0,0.0,0.0,0.0,0.01876927,0.0,38010524.3,9502631.07,28507893.22,28507893.22,28507893.22,267760448.38,267760448.38,0.0,182378190.12,101366776.08,267760448.38,0.0,283744966.19,-15984517.81
rent_gpu_only,533.950803,41,2030-02,2030,2,115505874.4,17387052.17,132892926.57,86380402.27,8502000.0,0.0,38010524.3,9502631.07,28507893.22,28507893.22,-0.0,28507893.22,159283101.34,187790994.56,0.0,0.0,187790994.56,0.0,187790994.56,rent_gpu_only,mix,0.5,0.5,94882402.27,0.0,0.0,0.0,0.0,0.0,0.0,0.0,0.01876927,0.0,38010524.3,9502631.07,28507893.22,28507893.22,28507893.22,296268341.6,296268341.6,0.0,182378190.12,129874669.3,296268341.6,0.0,312252859.42,-15984517.82
rent_gpu_only,533.950803,42,2030-03,2030,3,115505874.4,17387052.17,132892926.57,86380402.27,8502000.0,0.0,38010524.3,9502631.07,28507893.22,28507893.22,-0.0,28507893.22,187790994.56,216298887.78,0.0,0.0,216298887.78,0.0,216298887.78,rent_gpu_only,mix,0.5,0.5,94882402.27,0.0,0.0,0.0,0.0,0.0,0.0,0.0,0.01876927,0.0,38010524.3,9502631.07,28507893.22,28507893.22,28507893.22,324776234.82,324776234.82,0.0,182378190.12,158382562.53,324776234.82,0.0,340760752.64,-15984517.82
rent_gpu_only,533.950803,43,2030-04,2030,4,115505874.4,17387052.17,132892926.57,86380402.27,8502000.0,0.0,38010524.3,9502631.07,28507893.22,28507893.22,-0.0,28507893.22,216298887.78,244806781.01,0.0,0.0,244806781.01,0.0,244806781.01,rent_gpu_only,mix,0.5,0.5,94882402.27,0.0,0.0,0.0,0.0,0.0,0.0,0.0,0.01876927,0.0,38010524.3,9502631.07,28507893.22,28507893.22,28507893.22,353284128.04,353284128.04,0.0,182378190.12,186890455.75,353284128.04,0.0,369268645.87,-15984517.83
rent_gpu_only,533.950803,44,2030-05,2030,5,115505874.4,17387052.17,132892926.57,86380402.27,8502000.0,0.0,38010524.3,9502631.07,28507893.22,28507893.22,-0.0,28507893.22,244806781.01,273314674.23,0.0,0.0,273314674.23,0.0,273314674.23,rent_gpu_only,mix,0.5,0.5,94882402.27,0.0,0.0,0.0,0.0,0.0,0.0,0.0,0.01876927,0.0,38010524.3,9502631.07,28507893.22,28507893.22,28507893.22,381792021.26,381792021.26,0.0,182378190.12,215398348.98,381792021.26,0.0,397776539.09,-15984517.83
rent_gpu_only,533.950803,45,2030-06,2030,6,115505874.4,17387052.17,132892926.57,86380402.27,8502000.0,0.0,38010524.3,9502631.07,28507893.22,28507893.22,-0.0,28507893.22,273314674.23,301822567.46,0.0,0.0,301822567.46,0.0,301822567.46,rent_gpu_only,mix,0.5,0.5,94882402.27,0.0,0.0,0.0,0.0,0.0,0.0,0.0,0.01876927,0.0,38010524.3,9502631.07,28507893.22,28507893.22,28507893.22,410299914.48,410299914.48,0.0,182378190.12,243906242.2,410299914.48,0.0,426284432.32,-15984517.84
rent_gpu_only,533.950803,46,2030-07,2030,7,115505874.4,17387052.17,132892926.57,86380402.27,8502000.0,0.0,38010524.3,9502631.07,28507893.22,28507893.22,-0.0,28507893.22,301822567.46,330330460.68,0.0,0.0,330330460.68,0.0,330330460.68,rent_gpu_only,mix,0.5,0.5,94882402.27,0.0,0.0,0.0,0.0,0.0,0.0,0.0,0.01876927,0.0,38010524.3,9502631.07,28507893.22,28507893.22,28507893.22,438807807.7,438807807.7,0.0,182378190.12,272414135.43,438807807.7,0.0,454792325.54,-15984517.84
rent_gpu_only,533.950803,47,2030-08,2030,8,115505874.4,17387052.17,132892926.57,86380402.27,8502000.0,0.0,38010524.3,9502631.07,28507893.22,28507893.22,-0.0,28507893.22,330330460.68,358838353.91,0.0,0.0,358838353.91,0.0,358838353.91,rent_gpu_only,mix,0.5,0.5,94882402.27,0.0,0.0,0.0,0.0,0.0,0.0,0.0,0.01876927,0.0,38010524.3,9502631.07,28507893.22,28507893.22,28507893.22,467315700.92,467315700.92,0.0,182378190.12,300922028.65,467315700.92,0.0,483300218.77,-15984517.85
rent_gpu_only,533.950803,48,2030-09,2030,9,115505874.4,17387052.17,132892926.57,86380402.27,8502000.0,0.0,38010524.3,9502631.07,28507893.22,28507893.22,-0.0,28507893.22,358838353.91,387346247.13,0.0,0.0,387346247.13,0.0,387346247.13,rent_gpu_only,mix,0.5,0.5,94882402.27,0.0,0.0,0.0,0.0,0.0,0.0,0.0,0.01876927,0.0,38010524.3,9502631.07,28507893.22,28507893.22,28507893.22,495823594.14,495823594.14,0.0,182378190.12,329429921.88,495823594.14,0.0,511808111.99,-15984517.85
rent_gpu_only,533.950803,49,2030-10,2030,10,115505874.4,17387052.17,132892926.57,86380402.27,8502000.0,0.0,38010524.3,9502631.07,28507893.22,28507893.22,-0.0,28507893.22,387346247.13,415854140.36,0.0,0.0,415854140.36,0.0,415854140.36,rent_gpu_only,mix,0.5,0.5,94882402.27,0.0,0.0,0.0,0.0,0.0,0.0,0.0,0.01876927,0.0,38010524.3,9502631.07,28507893.22,28507893.22,28507893.22,524331487.36,524331487.36,0.0,182378190.12,357937815.1,524331487.36,0.0,540316005.22,-15984517.86
rent_gpu_only,533.950803,50,2030-11,2030,11,115505874.4,17387052.17,132892926.57,86380402.27,8502000.0,0.0,38010524.3,9502631.07,28507893.22,28507893.22,-0.0,28507893.22,415854140.36,444362033.58,0.0,0.0,444362033.58,0.0,444362033.58,rent_gpu_only,mix,0.5,0.5,94882402.27,0.0,0.0,0.0,0.0,0.0,0.0,0.0,0.01876927,0.0,38010524.3,9502631.07,28507893.22,28507893.22,28507893.22,552839380.58,552839380.58,0.0,182378190.12,386445708.33,552839380.58,0.0,568823898.44,-15984517.86
rent_gpu_only,533.950803,51,2030-12,2030,12,115505874.4,17387052.17,132892926.57,86380402.27,8502000.0,0.0,38010524.3,9502631.07,28507893.22,28507893.22,-0.0,28507893.22,444362033.58,472869926.8,0.0,0.0,472869926.8,0.0,472869926.8,rent_gpu_only,mix,0.5,0.5,94882402.27,0.0,0.0,0.0,0.0,0.0,0.0,0.0,0.01876927,0.0,38010524.3,9502631.07,28507893.22,28507893.22,28507893.22,581347273.8,581347273.8,0.0,182378190.12,414953601.55,581347273.8,0.0,597331791.67,-15984517.87
hybrid,23.998097,1,2026-10,2026,10,0.0,0.0,0.0,31948800.0,8502000.0,0.0,-40450800.0,0.0,-40450800.0,-40450800.0,-0.0,-40450800.0,0.0,-40450800.0,0.0,0.0,-40450800.0,0.0,-40450800.0,hybrid,equity_only,1.0,0.0,40450800.0,80901600.0,80901600.0,0.0,0.0,0.0,0.0,0.0,0.01876927,0.0,-40450800.0,0.0,-40450800.0,-40450800.0,-40450800.0,40450800.0,40450800.0,0.0,80901600.0,-40450800.0,40450800.0,0.0,40450800.0,0.0
hybrid,23.998097,2,2026-11,2026,11,0.0,0.0,0.0,31948800.0,8502000.0,0.0,-40450800.0,0.0,-40450800.0,-40450800.0,-0.0,-40450800.0,-40450800.0,-80901600.0,0.0,0.0,-80901600.0,0.0,-80901600.0,hybrid,equity_only,1.0,0.0,40450800.0,40450800.0,40450800.0,0.0,0.0,0.0,0.0,0.0,0.01876927,0.0,-40450800.0,0.0,-40450800.0,-40450800.0,-40450800.0,40450800.0,40450800.0,0.0,121352400.0,-80901600.0,40450800.0,0.0,40450800.0,0.0
hybrid,23.998097,3,2026-12,2026,12,0.0,0.0,0.0,31948800.0,8502000.0,0.0,-40450800.0,0.0,-40450800.0,-40450800.0,-0.0,-40450800.0,-80901600.0,-121352400.0,0.0,0.0,-121352400.0,0.0,-121352400.0,hybrid,equity_only,1.0,0.0,40450800.0,40450800.0,40450800.0,0.0,0.0,0.0,0.0,0.0,0.01876927,0.0,-40450800.0,0.0,-40450800.0,-40450800.0,-40450800.0,40450800.0,40450800.0,0.0,161803200.0,-121352400.0,40450800.0,0.0,40450800.0,0.0
hybrid,91.300283,4,2027-01,2027,1,0.0,0.0,0.0,41635776.0,8502000.0,0.0,-50137776.0,0.0,-50137776.0,-50137776.0,-0.0,-50137776.0,-121352400.0,-171490176.0,0.0,0.0,-171490176.0,0.0,-171490176.0,hybrid,equity_only,1.0,0.0,50137776.0,59824752.0,59824752.0,0.0,0.0,0.0,0.0,0.0,0.01876927,0.0,-50137776.0,0.0,-50137776.0,-50137776.0,-50137776.0,50137776.0,50137776.0,0.0,221627952.0,-171490176.0,50137776.0,0.0,50137776.0,0.0
hybrid,91.300283,5,2027-02,2027,2,0.0,0.0,0.0,50459136.0,8502000.0,0.0,-58961136.0,0.0,-58961136.0,-58961136.0,-0.0,-58961136.0,-171490176.0,-230451312.0,0.0,0.0,-230451312.0,0.0,-230451312.0,hybrid,equity_only,1.0,0.0,58961136.0,67784496.0,67784496.0,0.0,0.0,0.0,0.0,0.0,0.01876927,0.0,-58961136.0,0.0,-58961136.0,-58961136.0,-58961136.0,58961136.0,58961136.0,0.0,289412448.0,-230451312.0,58961136.0,0.0,58961136.0,0.0
hybrid,91.300283,6,2027-03,2027,3,0.0,0.0,0.0,50459136.0,8502000.0,0.0,-58961136.0,0.0,-58961136.0,-58961136.0,-0.0,-58961136.0,-230451312.0,-289412448.0,0.0,0.0,-289412448.0,0.0,-289412448.0,hybrid,equity_only,1.0,0.0,58961136.0,58961136.0,58961136.0,0.0,0.0,0.0,0.0,0.0,0.01876927,0.0,-58961136.0,0.0,-58961136.0,-58961136.0,-58961136.0,58961136.0,58961136.0,0.0,348373584.0,-289412448.0,58961136.0,0.0,58961136.0,0.0
hybrid,91.300283,7,2027-04,2027,4,44962503.71,20950616.29,65913120.0,52730496.0,8502000.0,0.0,4680624.0,1170156.0,3510468.0,3510468.0,-0.0,3510468.0,-289412448.0,-285901980.0,0.0,0.0,-285901980.0,0.0,-285901980.0,hybrid,equity_only,1.0,0.0,61232496.0,0.0,0.0,0.0,0.0,0.0,0.0,0.0,0.01876927,0.0,4680624.0,1170156.0,3510468.0,3510468.0,3510468.0,62471604.0,62471604.0,0.0,348373584.0,-285901980.0,62471604.0,0.0,62471604.0,0.0
hybrid,91.300283,8,2027-05,2027,5,44962503.71,20950616.29,65913120.0,52730496.0,8502000.0,0.0,4680624.0,1170156.0,3510468.0,3510468.0,-0.0,3510468.0,-285901980.0,-282391512.0,0.0,0.0,-282391512.0,0.0,-282391512.0,hybrid,equity_only,1.0,0.0,61232496.0,0.0,0.0,0.0,0.0,0.0,0.0,0.0,0.01876927,0.0,4680624.0,1170156.0,3510468.0,3510468.0,3510468.0,65982072.0,65982072.0,0.0,348373584.0,-282391512.0,65982072.0,0.0,65982072.0,0.0
hybrid,91.300283,9,2027-06,2027,6,45856390.47,21367129.53,67223520.0,53778816.0,8502000.0,0.0,4942704.0,1235676.0,3707028.0,3707028.0,-0.0,3707028.0,-282391512.0,-278684484.0,0.0,0.0,-278684484.0,0.0,-278684484.0,hybrid,equity_only,1.0,0.0,62280816.0,0.0,0.0,0.0,0.0,0.0,0.0,0.0,0.01876927,0.0,4942704.0,1235676.0,3707028.0,3707028.0,3707028.0,69689100.0,69689100.0,0.0,348373584.0,-278684484.0,69689100.0,0.0,69689100.0,0.0
hybrid,91.300283,10,2027-07,2027,7,48389069.6,22547250.4,70936320.0,56749056.0,8502000.0,0.0,5685264.0,1421316.0,4263948.0,4263948.0,-0.0,4263948.0,-278684484.0,-274420536.0,0.0,0.0,-274420536.0,0.0,-274420536.0,hybrid,equity_only,1.0,0.0,65251056.0,0.0,0.0,0.0,0.0,0.0,0.0,0.0,0.01876927,0.0,5685264.0,1421316.0,4263948.0,4263948.0,4263948.0,73953048.0,73953048.0,0.0,348373584.0,-274420536.0,73953048.0,0.0,73953048.0,0.0
hybrid,91.300283,11,2027-08,2027,8,48389069.6,22547250.4,70936320.0,56749056.0,8502000.0,0.0,5685264.0,1421316.0,4263948.0,4263948.0,-0.0,4263948.0,-274420536.0,-270156588.0,0.0,0.0,-270156588.0,0.0,-270156588.0,hybrid,equity_only,1.0,0.0,65251056.0,0.0,0.0,0.0,0.0,0.0,0.0,0.0,0.01876927,0.0,5685264.0,1421316.0,4263948.0,4263948.0,4263948.0,78216996.0,78216996.0,0.0,348373584.0,-270156588.0,78216996.0,0.0,78216996.0,0.0
hybrid,91.300283,12,2027-09,2027,9,50325824.23,23449695.77,73775520.0,59020416.0,8502000.0,0.0,6253104.0,1563276.0,4689828.0,4689828.0,-0.0,4689828.0,-270156588.0,-265466760.0,0.0,0.0,-265466760.0,0.0,-265466760.0,hybrid,equity_only,1.0,0.0,67522416.0,0.0,0.0,0.0,0.0,0.0,0.0,0.0,0.01876927,0.0,6253104.0,1563276.0,4689828.0,4689828.0,4689828.0,82906824.0,82906824.0,0.0,348373584.0,-265466760.0,82906824.0,0.0,82906824.0,0.0
hybrid,91.300283,13,2027-10,2027,10,50325824.23,23449695.77,73775520.0,59020416.0,8502000.0,0.0,6253104.0,1563276.0,4689828.0,4689828.0,-0.0,4689828.0,-265466760.0,-260776932.0,0.0,0.0,-260776932.0,0.0,-260776932.0,hybrid,equity_only,1.0,0.0,67522416.0,0.0,0.0,0.0,0.0,0.0,0.0,0.0,0.01876927,0.0,6253104.0,1563276.0,4689828.0,4689828.0,4689828.0,87596652.0,87596652.0,0.0,348373584.0,-260776932.0,87596652.0,0.0,87596652.0,0.0
hybrid,91.300283,14,2027-11,2027,11,50325824.23,23449695.77,73775520.0,59020416.0,8502000.0,0.0,6253104.0,1563276.0,4689828.0,4689828.0,-0.0,4689828.0,-260776932.0,-256087104.0,0.0,0.0,-256087104.0,0.0,-256087104.0,hybrid,equity_only,1.0,0.0,67522416.0,0.0,0.0,0.0,0.0,0.0,0.0,0.0,0.01876927,0.0,6253104.0,1563276.0,4689828.0,4689828.0,4689828.0,92286480.0,92286480.0,0.0,348373584.0,-256087104.0,92286480.0,0.0,92286480.0,0.0
hybrid,91.300283,15,2027-12,2027,12,50325824.23,23449695.77,73775520.0,59020416.0,8502000.0,0.0,6253104.0,1563276.0,4689828.0,4689828.0,-0.0,4689828.0,-256087104.0,-251397276.0,0.0,0.0,-251397276.0,0.0,-251397276.0,hybrid,equity_only,1.0,0.0,67522416.0,0.0,0.0,0.0,0.0,0.0,0.0,0.0,0.01876927,0.0,6253104.0,1563276.0,4689828.0,4689828.0,4689828.0,96976308.0,96976308.0,0.0,348373584.0,-251397276.0,96976308.0,0.0,96976308.0,0.0
hybrid,235.968842,16,2028-01,2028,1,71625671.66,23137797.23,94763468.89,71072601.65,8502000.0,0.02,15188867.22,3797216.81,11391650.42,11391650.44,-1.0,11391649.44,-251397276.0,-240005626.56,0.68,0.0,-240005625.88,0.0,-240005625.88,hybrid,equity_only,1.0,0.0,79574601.65,0.0,0.0,0.0,0.0,0.0,0.0,0.0,0.01876927,0.0,15188867.22,3797216.81,11391650.42,11391650.44,11391649.44,108367957.44,108367957.44,0.0,348373584.0,-240005625.59,108367958.12,0.0,108367958.41,-0.29
hybrid,235.968842,17,2028-02,2028,2,71625671.66,23137797.23,94763468.89,71072601.65,8502000.0,0.02,15188867.22,3797216.81,11391650.42,11391650.44,-1.0,11391649.44,-240005626.56,-228613977.13,1.66,0.0,-228613975.47,0.0,-228613975.47,hybrid,equity_only,1.0,0.0,79574601.65,0.0,0.0,0.0,0.0,0.0,0.0,0.0,0.01876927,0.0,15188867.22,3797216.81,11391650.42,11391650.44,11391649.44,119759606.88,119759606.88,0.0,348373584.0,-228613975.17,119759608.54,0.0,119759608.83,-0.29
hybrid,235.968842,18,2028-03,2028,3,71625671.66,23137797.23,94763468.89,71072601.65,8502000.0,0.02,15188867.22,3797216.81,11391650.42,11391650.44,-1.0,11391649.44,-228613977.13,-217222327.69,2.64,0.0,-217222325.05,0.0,-217222325.05,hybrid,equity_only,1.0,0.0,79574601.65,0.0,0.0,0.0,0.0,0.0,0.0,0.0,0.01876927,0.0,15188867.22,3797216.81,11391650.42,11391650.44,11391649.44,131151256.32,131151256.32,0.0,348373584.0,-217222324.76,131151258.96,0.0,131151259.24,-0.28
hybrid,235.968842,19,2028-04,2028,4,71625671.66,23137797.23,94763468.89,71072601.65,8502000.0,0.02,15188867.22,3797216.81,11391650.42,11391650.44,-1.0,11391649.44,-217222327.69,-205830678.25,3.62,0.0,-205830674.63,0.0,-205830674.63,hybrid,equity_only,1.0,0.0,79574601.65,0.0,0.0,0.0,0.0,0.0,0.0,0.0,0.01876927,0.0,15188867.22,3797216.81,11391650.42,11391650.44,11391649.44,142542905.76,142542905.76,0.0,348373584.0,-205830674.34,142542909.38,0.0,142542909.66,-0.28
hybrid,235.968842,20,2028-05,2028,5,71625671.66,23137797.23,94763468.89,71072601.65,8502000.0,0.02,15188867.22,3797216.81,11391650.42,11391650.44,-1.0,11391649.44,-205830678.25,-194439028.81,4.6,0.0,-194439024.21,0.0,-194439024.21,hybrid,equity_only,1.0,0.0,79574601.65,0.0,0.0,0.0,0.0,0.0,0.0,0.0,0.01876927,0.0,15188867.22,3797216.81,11391650.42,11391650.44,11391649.44,153934555.2,153934555.2,0.0,348373584.0,-194439023.93,153934559.8,0.0,153934560.07,-0.27
hybrid,235.968842,21,2028-06,2028,6,76041748.76,24564356.93,100606105.69,75454579.25,8502000.0,0.02,16649526.42,4162381.61,12487144.82,12487144.84,-1.0,12487143.84,-194439028.81,-181951884.98,5.58,0.0,-181951879.4,0.0,-181951879.4,hybrid,equity_only,1.0,0.0,83956579.25,0.0,0.0,0.0,0.0,0.0,0.0,0.0,0.01876927,0.0,16649526.42,4162381.6,12487144.81,12487144.83,12487143.83,166421699.04,166421699.04,0.0,348373584.0,-181951879.11,166421704.62,0.0,166421704.89,-0.27
hybrid,235.968842,22,2028-07,2028,7,76236865.64,24627387.05,100864252.69,75648185.59,8502000.0,3.93,16714063.17,4178515.79,12535547.38,12535551.31,-235.97,12535315.34,-181951884.98,-169416569.63,155.51,0.0,-169416414.13,0.0,-169416414.13,hybrid,equity_only,1.0,0.0,84150185.59,0.0,0.0,0.0,0.0,0.0,0.0,0.0,0.01876927,0.0,16714063.17,4178515.79,12535547.38,12535551.31,12535315.34,178957014.38,178957014.38,0.0,348373584.0,-169416331.73,178957169.89,0.0,178957252.27,-82.38
hybrid,235.968842,23,2028-08,2028,8,76236849.2,24627381.74,100864230.93,75648173.2,8502000.0,0.0,16714057.73,4178514.43,12535543.3,12535543.3,-0.0,12535543.3,-169416569.63,-156881026.33,241.97,0.0,-156880784.37,0.0,-156880784.37,hybrid,equity_only,1.0,0.0,84150173.2,0.0,0.0,0.0,0.0,0.0,0.0,0.0,0.01876927,0.0,16714057.73,4178514.43,12535543.3,12535543.3,12535543.3,191492557.68,191492557.68,0.0,348373584.0,-156880788.44,191492799.65,0.0,191492795.56,4.09
hybrid,235.968842,24,2028-09,2028,9,76236849.2,24627381.74,100864230.93,75648173.2,8502000.0,0.0,16714057.73,4178514.43,12535543.3,12535543.3,-0.0,12535543.3,-156881026.33,-144345483.03,241.97,0.0,-144345241.07,0.0,-144345241.07,hybrid,equity_only,1.0,0.0,84150173.2,0.0,0.0,0.0,0.0,0.0,0.0,0.0,0.01876927,0.0,16714057.73,4178514.43,12535543.3,12535543.3,12535543.3,204028100.98,204028100.98,0.0,348373584.0,-144345245.14,204028342.95,0.0,204028338.86,4.09
hybrid,235.968842,25,2028-10,2028,10,76236849.2,24627381.74,100864230.93,75648173.2,8502000.0,0.0,16714057.73,4178514.43,12535543.3,12535543.3,-0.0,12535543.3,-144345483.03,-131809939.73,241.97,0.0,-131809697.77,0.0,-131809697.77,hybrid,equity_only,1.0,0.0,84150173.2,0.0,0.0,0.0,0.0,0.0,0.0,0.0,0.01876927,0.0,16714057.73,4178514.43,12535543.3,12535543.3,12535543.3,216563644.28,216563644.28,0.0,348373584.0,-131809701.84,216563886.25,0.0,216563882.16,4.09
hybrid,235.968842,26,2028-11,2028,11,76236849.2,24627381.74,100864230.93,75648173.2,8502000.0,0.0,16714057.73,4178514.43,12535543.3,12535543.3,-0.0,12535543.3,-131809939.73,-119274396.43,241.97,0.0,-119274154.47,0.0,-119274154.47,hybrid,equity_only,1.0,0.0,84150173.2,0.0,0.0,0.0,0.0,0.0,0.0,0.0,0.01876927,0.0,16714057.73,4178514.43,12535543.3,12535543.3,12535543.3,229099187.58,229099187.58,0.0,348373584.0,-119274158.54,229099429.55,0.0,229099425.46,4.09
hybrid,235.968842,27,2028-12,2028,12,76236849.2,24627381.74,100864230.93,75648173.2,8502000.0,0.0,16714057.73,4178514.43,12535543.3,12535543.3,-0.0,12535543.3,-119274396.43,-106738853.13,241.97,0.0,-106738611.17,0.0,-106738611.17,hybrid,equity_only,1.0,0.0,84150173.2,0.0,0.0,0.0,0.0,0.0,0.0,0.0,0.01876927,0.0,16714057.73,4178514.43,12535543.3,12535543.3,12535543.3,241634730.88,241634730.88,0.0,348373584.0,-106738615.25,241634972.85,0.0,241634968.75,4.1
hybrid,474.029941,28,2029-01,2029,1,100063198.73,16908039.18,116971237.91,81879862.57,8502000.0,3.97,26589371.37,6647342.84,19942028.53,19942032.5,-238.06,19941794.44,-106738853.13,-86797058.69,368.87,0.0,-86796689.82,0.0,-86796689.82,hybrid,equity_only,1.0,0.0,90381862.57,0.0,0.0,0.0,0.0,0.0,0.0,0.0,0.01876927,0.0,26589371.37,6647342.84,19942028.53,19942032.5,19941794.44,261576525.32,261576525.32,0.0,348373584.0,-86796586.72,261576894.19,0.0,261576997.28,-103.09
hybrid,474.029941,29,2029-02,2029,2,100063178.6,16908035.78,116971214.39,81879850.07,8502000.0,0.0,26589364.32,6647341.08,19942023.24,19942023.24,-0.0,19942023.24,-86797058.69,-66855035.46,480.03,0.0,-66854555.43,0.0,-66854555.43,hybrid,equity_only,1.0,0.0,90381850.07,0.0,0.0,0.0,0.0,0.0,0.0,0.0,0.01876927,0.0,26589364.32,6647341.08,19942023.24,19942023.24,19942023.24,281518548.56,281518548.56,0.0,348373584.0,-66854563.48,281519028.59,0.0,281519020.52,8.07
hybrid,474.029941,30,2029-03,2029,3,100063178.6,16908035.78,116971214.39,81879850.07,8502000.0,0.0,26589364.32,6647341.08,19942023.24,19942023.24,-0.0,19942023.24,-66855035.46,-46913012.22,480.03,0.0,-46912532.19,0.0,-46912532.19,hybrid,equity_only,1.0,0.0,90381850.07,0.0,0.0,0.0,0.0,0.0,0.0,0.0,0.01876927,0.0,26589364.32,6647341.08,19942023.24,19942023.24,19942023.24,301460571.8,301460571.8,0.0,348373584.0,-46912540.24,301461051.83,0.0,301461043.76,8.07
hybrid,474.029941,31,2029-04,2029,4,100063178.6,16908035.78,116971214.39,81879850.07,8502000.0,0.0,26589364.32,6647341.08,19942023.24,19942023.24,-0.0,19942023.24,-46913012.22,-26970988.98,480.03,0.0,-26970508.95,0.0,-26970508.95,hybrid,equity_only,1.0,0.0,90381850.07,0.0,0.0,0.0,0.0,0.0,0.0,0.0,0.01876927,0.0,26589364.32,6647341.08,19942023.24,19942023.24,19942023.24,321402595.04,321402595.04,0.0,348373584.0,-26970517.0,321403075.07,0.0,321403067.0,8.07
hybrid,474.029941,32,2029-05,2029,5,100063178.6,16908035.78,116971214.39,81879850.07,8502000.0,0.0,26589364.32,6647341.08,19942023.24,19942023.24,-0.0,19942023.24,-26970988.98,-7028965.75,480.03,0.0,-7028485.72,0.0,-7028485.72,hybrid,equity_only,1.0,0.0,90381850.07,0.0,0.0,0.0,0.0,0.0,0.0,0.0,0.01876927,0.0,26589364.32,6647341.08,19942023.24,19942023.24,19942023.24,341344618.28,341344618.28,0.0,348373584.0,-7028493.76,341345098.31,0.0,341345090.24,8.07
hybrid,474.029941,33,2029-06,2029,6,100063178.6,16908035.78,116971214.39,81879850.07,8502000.0,0.0,26589364.32,6647341.08,19942023.24,19942023.24,-0.0,19942023.24,-7028965.75,12913057.49,480.03,0.0,12913537.52,0.0,12913537.52,hybrid,equity_only,1.0,0.0,90381850.07,0.0,0.0,0.0,0.0,0.0,0.0,0.0,0.01876927,0.0,26589364.32,6647341.08,19942023.24,19942023.24,19942023.24,361286641.52,361286641.52,0.0,348373584.0,12913529.48,361287121.55,0.0,361287113.48,8.07
hybrid,474.029941,34,2029-07,2029,7,100063178.6,16908035.78,116971214.39,81879850.07,8502000.0,0.0,26589364.32,6647341.08,19942023.24,19942023.24,-0.0,19942023.24,12913057.49,32855080.73,480.03,0.0,32855560.76,0.0,32855560.76,hybrid,equity_only,1.0,0.0,90381850.07,0.0,0.0,0.0,0.0,0.0,0.0,0.0,0.01876927,0.0,26589364.32,6647341.08,19942023.24,19942023.24,19942023.24,381228664.76,381228664.76,0.0,348373584.0,32855552.72,381229144.79,0.0,381229136.72,8.07
hybrid,474.029941,35,2029-08,2029,8,100063178.6,16908035.78,116971214.39,81879850.07,8502000.0,0.0,26589364.32,6647341.08,19942023.24,19942023.24,-0.0,19942023.24,32855080.73,52797103.96,480.03,0.0,52797583.99,0.0,52797583.99,hybrid,equity_only,1.0,0.0,90381850.07,0.0,0.0,0.0,0.0,0.0,0.0,0.0,0.01876927,0.0,26589364.32,6647341.08,19942023.24,19942023.24,19942023.24,401170688.0,401170688.0,0.0,348373584.0,52797575.96,401171168.03,0.0,401171159.96,8.07
hybrid,474.029941,36,2029-09,2029,9,100063178.6,16908035.78,116971214.39,81879850.07,8502000.0,0.0,26589364.32,6647341.08,19942023.24,19942023.24,-0.0,19942023.24,52797103.96,72739127.2,480.03,0.0,72739607.23,0.0,72739607.23,hybrid,equity_only,1.0,0.0,90381850.07,0.0,0.0,0.0,0.0,0.0,0.0,0.0,0.01876927,0.0,26589364.32,6647341.08,19942023.24,19942023.24,19942023.24,421112711.24,421112711.24,0.0,348373584.0,72739599.2,421113191.27,0.0,421113183.2,8.07
hybrid,474.029941,37,2029-10,2029,10,100063178.6,16908035.78,116971214.39,81879850.07,8502000.0,0.0,26589364.32,6647341.08,19942023.24,19942023.24,-0.0,19942023.24,72739127.2,92681150.44,480.03,0.0,92681630.47,0.0,92681630.47,hybrid,equity_only,1.0,0.0,90381850.07,0.0,0.0,0.0,0.0,0.0,0.0,0.0,0.01876927,0.0,26589364.32,6647341.08,19942023.24,19942023.24,19942023.24,441054734.48,441054734.48,0.0,348373584.0,92681622.44,441055214.51,0.0,441055206.44,8.07
hybrid,474.029941,38,2029-11,2029,11,100063178.6,16908035.78,116971214.39,81879850.07,8502000.0,0.0,26589364.32,6647341.08,19942023.24,19942023.24,-0.0,19942023.24,92681150.44,112623173.67,480.03,0.0,112623653.7,0.0,112623653.7,hybrid,equity_only,1.0,0.0,90381850.07,0.0,0.0,0.0,0.0,0.0,0.0,0.0,0.01876927,0.0,26589364.32,6647341.08,19942023.24,19942023.24,19942023.24,460996757.72,460996757.72,0.0,348373584.0,112623645.68,460997237.75,0.0,460997229.68,8.07
hybrid,474.029941,39,2029-12,2029,12,100063178.6,16908035.78,116971214.39,81879850.07,8502000.0,0.0,26589364.32,6647341.08,19942023.24,19942023.24,-0.0,19942023.24,112623173.67,132565196.91,480.03,0.0,132565676.94,0.0,132565676.94,hybrid,equity_only,1.0,0.0,90381850.07,0.0,0.0,0.0,0.0,0.0,0.0,0.0,0.01876927,0.0,26589364.32,6647341.08,19942023.24,19942023.24,19942023.24,480938780.96,480938780.96,0.0,348373584.0,132565668.92,480939260.99,0.0,480939252.92,8.07
hybrid,533.950803,40,2030-01,2030,1,116091650.21,17475228.76,133566878.97,86818470.33,8502000.0,1.0,38246407.64,9561601.91,28684805.73,28684806.73,-59.92,28684746.81,132565196.91,161249943.72,499.95,0.0,161250443.67,0.0,161250443.67,hybrid,equity_only,1.0,0.0,95320470.33,0.0,0.0,0.0,0.0,0.0,0.0,0.0,0.01876927,0.0,38246407.64,9561601.91,28684805.73,28684806.73,28684746.81,509623527.77,509623527.77,0.0,348373584.0,161250474.65,509624027.72,0.0,509624058.65,-30.93
hybrid,533.950803,41,2030-02,2030,2,116091644.67,17475227.93,133566872.6,86818467.19,8502000.0,0.0,38246405.41,9561601.35,28684804.06,28684804.06,-0.0,28684804.06,161249943.72,189934747.78,539.95,0.0,189935287.73,0.0,189935287.73,hybrid,equity_only,1.0,0.0,95320467.19,0.0,0.0,0.0,0.0,0.0,0.0,0.0,0.01876927,0.0,38246405.41,9561601.35,28684804.06,28684804.06,28684804.06,538308331.83,538308331.83,0.0,348373584.0,189935278.71,538308871.78,0.0,538308862.71,9.07
hybrid,533.950803,42,2030-03,2030,3,116091644.67,17475227.93,133566872.6,86818467.19,8502000.0,0.0,38246405.41,9561601.35,28684804.06,28684804.06,-0.0,28684804.06,189934747.78,218619551.83,539.95,0.0,218620091.78,0.0,218620091.78,hybrid,equity_only,1.0,0.0,95320467.19,0.0,0.0,0.0,0.0,0.0,0.0,0.0,0.01876927,0.0,38246405.41,9561601.35,28684804.06,28684804.06,28684804.06,566993135.89,566993135.89,0.0,348373584.0,218620082.77,566993675.84,0.0,566993666.77,9.07
hybrid,533.950803,43,2030-04,2030,4,116091644.67,17475227.93,133566872.6,86818467.19,8502000.0,0.0,38246405.41,9561601.35,28684804.06,28684804.06,-0.0,28684804.06,218619551.83,247304355.89,539.95,0.0,247304895.84,0.0,247304895.84,hybrid,equity_only,1.0,0.0,95320467.19,0.0,0.0,0.0,0.0,0.0,0.0,0.0,0.01876927,0.0,38246405.41,9561601.35,28684804.06,28684804.06,28684804.06,595677939.95,595677939.95,0.0,348373584.0,247304886.82,595678479.9,0.0,595678470.83,9.08
hybrid,533.950803,44,2030-05,2030,5,116091644.67,17475227.93,133566872.6,86818467.19,8502000.0,0.0,38246405.41,9561601.35,28684804.06,28684804.06,-0.0,28684804.06,247304355.89,275989159.95,539.95,0.0,275989699.9,0.0,275989699.9,hybrid,equity_only,1.0,0.0,95320467.19,0.0,0.0,0.0,0.0,0.0,0.0,0.0,0.01876927,0.0,38246405.41,9561601.35,28684804.06,28684804.06,28684804.06,624362744.01,624362744.01,0.0,348373584.0,275989690.88,624363283.96,0.0,624363274.88,9.08
hybrid,533.950803,45,2030-06,2030,6,116091644.67,17475227.93,133566872.6,86818467.19,8502000.0,0.0,38246405.41,9561601.35,28684804.06,28684804.06,-0.0,28684804.06,275989159.95,304673964.01,539.95,0.0,304674503.96,0.0,304674503.96,hybrid,equity_only,1.0,0.0,95320467.19,0.0,0.0,0.0,0.0,0.0,0.0,0.0,0.01876927,0.0,38246405.41,9561601.35,28684804.06,28684804.06,28684804.06,653047548.07,653047548.07,0.0,348373584.0,304674494.94,653048088.02,0.0,653048078.94,9.08
hybrid,533.950803,46,2030-07,2030,7,116091644.67,17475227.93,133566872.6,86818467.19,8502000.0,0.0,38246405.41,9561601.35,28684804.06,28684804.06,-0.0,28684804.06,304673964.01,333358768.06,539.95,0.0,333359308.01,0.0,333359308.01,hybrid,equity_only,1.0,0.0,95320467.19,0.0,0.0,0.0,0.0,0.0,0.0,0.0,0.01876927,0.0,38246405.41,9561601.35,28684804.06,28684804.06,28684804.06,681732352.13,681732352.13,0.0,348373584.0,333359299.0,681732892.08,0.0,681732883.0,9.08
hybrid,533.950803,47,2030-08,2030,8,116091644.67,17475227.93,133566872.6,86818467.19,8502000.0,0.0,38246405.41,9561601.35,28684804.06,28684804.06,-0.0,28684804.06,333358768.06,362043572.12,539.95,0.0,362044112.07,0.0,362044112.07,hybrid,equity_only,1.0,0.0,95320467.19,0.0,0.0,0.0,0.0,0.0,0.0,0.0,0.01876927,0.0,38246405.41,9561601.35,28684804.06,28684804.06,28684804.06,710417156.19,710417156.19,0.0,348373584.0,362044103.06,710417696.14,0.0,710417687.06,9.08
hybrid,533.950803,48,2030-09,2030,9,116091644.67,17475227.93,133566872.6,86818467.19,8502000.0,0.0,38246405.41,9561601.35,28684804.06,28684804.06,-0.0,28684804.06,362043572.12,390728376.18,539.95,0.0,390728916.13,0.0,390728916.13,hybrid,equity_only,1.0,0.0,95320467.19,0.0,0.0,0.0,0.0,0.0,0.0,0.0,0.01876927,0.0,38246405.41,9561601.35,28684804.06,28684804.06,28684804.06,739101960.25,739101960.25,0.0,348373584.0,390728907.11,739102500.2,0.0,739102491.11,9.09
hybrid,533.950803,49,2030-10,2030,10,116091644.67,17475227.93,133566872.6,86818467.19,8502000.0,0.0,38246405.41,9561601.35,28684804.06,28684804.06,-0.0,28684804.06,390728376.18,419413180.24,539.95,0.0,419413720.19,0.0,419413720.19,hybrid,equity_only,1.0,0.0,95320467.19,0.0,0.0,0.0,0.0,0.0,0.0,0.0,0.01876927,0.0,38246405.41,9561601.35,28684804.06,28684804.06,28684804.06,767786764.31,767786764.31,0.0,348373584.0,419413711.17,767787304.26,0.0,767787295.17,9.09
hybrid,533.950803,50,2030-11,2030,11,116091644.67,17475227.93,133566872.6,86818467.19,8502000.0,0.0,38246405.41,9561601.35,28684804.06,28684804.06,-0.0,28684804.06,419413180.24,448097984.29,539.95,0.0,448098524.24,0.0,448098524.24,hybrid,equity_only,1.0,0.0,95320467.19,0.0,0.0,0.0,0.0,0.0,0.0,0.0,0.01876927,0.0,38246405.41,9561601.35,28684804.06,28684804.06,28684804.06,796471568.37,796471568.37,0.0,348373584.0,448098515.23,796472108.32,0.0,796472099.23,9.09
hybrid,533.950803,51,2030-12,2030,12,116091644.67,17475227.93,133566872.6,86818467.19,8502000.0,0.0,38246405.41,9561601.35,28684804.06,28684804.06,-0.0,28684804.06,448097984.29,476782788.35,539.95,0.0,476783328.3,0.0,476783328.3,hybrid,equity_only,1.0,0.0,95320467.19,0.0,0.0,0.0,0.0,0.0,0.0,0.0,0.01876927,0.0,38246405.41,9561601.35,28684804.06,28684804.06,28684804.06,825156372.43,825156372.43,0.0,348373584.0,476783319.29,825156912.38,0.0,825156903.29,9.09
hybrid,23.998097,1,2026-10,2026,10,0.0,0.0,0.0,31948800.0,8502000.0,0.0,-40450800.0,0.0,-40450800.0,-40450800.0,-0.0,-40450800.0,0.0,-40450800.0,0.0,0.0,-40450800.0,0.0,-40450800.0,hybrid,revolver_only,0.0,1.0,40450800.0,80901600.0,0.0,80901600.0,0.0,0.0,80901600.0,40450800.0,0.01876927,759231.79,-41210031.79,0.0,-41210031.79,-41210031.79,-41210031.79,39691568.21,39691568.21,80901600.0,0.0,-41210031.79,39691568.21,80901600.0,-41210031.79,0.0
hybrid,23.998097,2,2026-11,2026,11,0.0,0.0,0.0,31948800.0,8502000.0,0.0,-40450800.0,0.0,-40450800.0,-40450800.0,-0.0,-40450800.0,-40450800.0,-80901600.0,0.0,0.0,-80901600.0,0.0,-80901600.0,hybrid,revolver_only,0.0,1.0,40450800.0,41210031.79,0.0,41210031.79,0.0,80901600.0,122111631.79,101506615.89,0.01876927,1905204.59,-42356004.59,0.0,-42356004.59,-42356004.59,-42356004.59,38545595.41,38545595.41,122111631.79,0.0,-83566036.37,38545595.41,122111631.79,-83566036.37,0.0
hybrid,23.998097,3,2026-12,2026,12,0.0,0.0,0.0,31948800.0,8502000.0,0.0,-40450800.0,0.0,-40450800.0,-40450800.0,-0.0,-40450800.0,-80901600.0,-121352400.0,0.0,0.0,-121352400.0,0.0,-121352400.0,hybrid,revolver_only,0.0,1.0,40450800.0,42356004.59,0.0,42356004.59,0.0,122111631.79,164467636.37,143289634.08,0.01876927,2689441.13,-43140241.13,0.0,-43140241.13,-43140241.13,-43140241.13,37761358.87,37761358.87,164467636.37,0.0,-126706277.51,37761358.87,164467636.37,-126706277.51,0.0
hybrid,91.300283,4,2027-01,2027,1,0.0,0.0,0.0,41635776.0,8502000.0,0.0,-50137776.0,0.0,-50137776.0,-50137776.0,-0.0,-50137776.0,-121352400.0,-171490176.0,0.0,0.0,-171490176.0,0.0,-171490176.0,hybrid,revolver_only,0.0,1.0,50137776.0,62514193.13,0.0,62514193.13,0.0,164467636.37,226981829.51,195724732.94,0.01876927,3673609.4,-53811385.4,0.0,-53811385.4,-53811385.4,-53811385.4,46464166.6,46464166.6,226981829.51,0.0,-180517662.91,46464166.6,226981829.51,-180517662.91,0.0
hybrid,91.300283,5,2027-02,2027,2,0.0,0.0,0.0,50459136.0,8502000.0,0.0,-58961136.0,0.0,-58961136.0,-58961136.0,-0.0,-58961136.0,-171490176.0,-230451312.0,0.0,0.0,-230451312.0,0.0,-230451312.0,hybrid,revolver_only,0.0,1.0,58961136.0,71458105.4,0.0,71458105.4,0.0,226981829.51,298439934.91,262710882.21,0.01876927,4930890.2,-63892026.2,0.0,-63892026.2,-63892026.2,-63892026.2,54030245.8,54030245.8,298439934.91,0.0,-244409689.11,54030245.8,298439934.91,-244409689.11,0.0
hybrid,91.300283,6,2027-03,2027,3,0.0,0.0,0.0,50459136.0,8502000.0,0.0,-58961136.0,0.0,-58961136.0,-58961136.0,-0.0,-58961136.0,-230451312.0,-289412448.0,0.0,0.0,-289412448.0,0.0,-289412448.0,hybrid,revolver_only,0.0,1.0,58961136.0,63892026.2,0.0,63892026.2,0.0,298439934.91,362331961.11,330385948.01,0.01876927,6201101.45,-65162237.45,0.0,-65162237.45,-65162237.45,-65162237.45,52760034.55,52760034.55,362331961.11,0.0,-309571926.56,52760034.55,362331961.11,-309571926.56,0.0
hybrid,91.300283,7,2027-04,2027,4,44962503.71,20950616.29,65913120.0,52730496.0,8502000.0,0.0,4680624.0,1170156.0,3510468.0,3510468.0,-0.0,3510468.0,-289412448.0,-285901980.0,0.0,0.0,-285901980.0,0.0,-285901980.0,hybrid,revolver_only,0.0,1.0,61232496.0,4961993.45,0.0,4961993.45,0.0,362331961.11,367293954.56,364812957.83,0.01876927,6847271.13,-2166647.13,0.0,-2166647.13,-2166647.13,-2166647.13,54385224.87,54385224.87,367293954.56,0.0,-311738573.68,54385224.87,367293954.56,-311738573.68,-1170156.0
hybrid,91.300283,8,2027-05,2027,5,44962503.71,20950616.29,65913120.0,52730496.0,8502000.0,0.0,4680624.0,1170156.0,3510468.0,3510468.0,-0.0,3510468.0,-285901980.0,-282391512.0,0.0,0.0,-282391512.0,0.0,-282391512.0,hybrid,revolver_only,0.0,1.0,61232496.0,3336803.13,0.0,3336803.13,0.0,367293954.56,370630757.68,368962356.12,0.01876927,6925152.28,-2244528.28,0.0,-2244528.28,-2244528.28,-2244528.28,54307343.72,54307343.72,370630757.68,0.0,-313983101.97,54307343.72,370630757.68,-313983101.97,-2340312.0
hybrid,91.300283,9,2027-06,2027,6,45856390.47,21367129.53,67223520.0,53778816.0,8502000.0,0.0,4942704.0,1235676.0,3707028.0,3707028.0,-0.0,3707028.0,-282391512.0,-278684484.0,0.0,0.0,-278684484.0,0.0,-278684484.0,hybrid,revolver_only,0.0,1.0,62280816.0,4266444.28,0.0,4266444.28,0.0,370630757.68,374897201.97,372763979.82,0.01876927,6996505.97,-2053801.97,0.0,-2053801.97,-2053801.97,-2053801.97,55284310.03,55284310.03,374897201.97,0.0,-316036903.93,55284310.03,374897201.97,-316036903.93,-3575988.0
hybrid,91.300283,10,2027-07,2027,7,48389069.6,22547250.4,70936320.0,56749056.0,8502000.0,0.0,5685264.0,1421316.0,4263948.0,4263948.0,-0.0,4263948.0,-278684484.0,-274420536.0,0.0,0.0,-274420536.0,0.0,-274420536.0,hybrid,revolver_only,0.0,1.0,65251056.0,5702797.97,0.0,5702797.97,0.0,374897201.97,380599999.93,377748600.95,0.01876927,7090063.64,-1404799.64,0.0,-1404799.64,-1404799.64,-1404799.64,58160992.36,58160992.36,380599999.93,0.0,-317441703.57,58160992.36,380599999.93,-317441703.57,-4997304.0
hybrid,91.300283,11,2027-08,2027,8,48389069.6,22547250.4,70936320.0,56749056.0,8502000.0,0.0,5685264.0,1421316.0,4263948.0,4263948.0,-0.0,4263948.0,-274420536.0,-270156588.0,0.0,0.0,-270156588.0,0.0,-270156588.0,hybrid,revolver_only,0.0,1.0,65251056.0,2826115.64,0.0,2826115.64,0.0,380599999.93,383426115.57,382013057.75,0.01876927,7170104.36,-1484840.36,0.0,-1484840.36,-1484840.36,-1484840.36,58080951.64,58080951.64,383426115.57,0.0,-318926543.93,58080951.64,383426115.57,-318926543.93,-6418620.0
hybrid,91.300283,12,2027-09,2027,9,50325824.23,23449695.77,73775520.0,59020416.0,8502000.0,0.0,6253104.0,1563276.0,4689828.0,4689828.0,-0.0,4689828.0,-270156588.0,-265466760.0,0.0,0.0,-265466760.0,0.0,-265466760.0,hybrid,revolver_only,0.0,1.0,67522416.0,4751636.36,0.0,4751636.36,0.0,383426115.57,388177751.93,385801933.75,0.01876927,7241218.78,-988114.78,0.0,-988114.78,-988114.78,-988114.78,60281197.22,60281197.22,388177751.93,0.0,-319914658.71,60281197.22,388177751.93,-319914658.71,-7981896.0
hybrid,91.300283,13,2027-10,2027,10,50325824.23,23449695.77,73775520.0,59020416.0,8502000.0,0.0,6253104.0,1563276.0,4689828.0,4689828.0,-0.0,4689828.0,-265466760.0,-260776932.0,0.0,0.0,-260776932.0,0.0,-260776932.0,hybrid,revolver_only,0.0,1.0,67522416.0,2551390.78,0.0,2551390.78,0.0,388177751.93,390729142.71,389453447.32,0.01876927,7309755.01,-1056651.01,0.0,-1056651.01,-1056651.01,-1056651.01,60212660.99,60212660.99,390729142.71,0.0,-320971309.72,60212660.99,390729142.71,-320971309.72,-9545172.0
hybrid,91.300283,14,2027-11,2027,11,50325824.23,23449695.77,73775520.0,59020416.0,8502000.0,0.0,6253104.0,1563276.0,4689828.0,4689828.0,-0.0,4689828.0,-260776932.0,-256087104.0,0.0,0.0,-256087104.0,0.0,-256087104.0,hybrid,revolver_only,0.0,1.0,67522416.0,2619927.01,0.0,2619927.01,0.0,390729142.71,393349069.72,392039106.21,0.01876927,7358285.92,-1105181.92,0.0,-1105181.92,-1105181.92,-1105181.92,60164130.08,60164130.08,393349069.72,0.0,-322076491.64,60164130.08,393349069.72,-322076491.64,-11108448.0
hybrid,91.300283,15,2027-12,2027,12,50325824.23,23449695.77,73775520.0,59020416.0,8502000.0,0.0,6253104.0,1563276.0,4689828.0,4689828.0,-0.0,4689828.0,-256087104.0,-251397276.0,0.0,0.0,-251397276.0,0.0,-251397276.0,hybrid,revolver_only,0.0,1.0,67522416.0,2668457.92,0.0,2668457.92,0.0,393349069.72,396017527.64,394683298.68,0.01876927,7407915.47,-1154811.47,0.0,-1154811.47,-1154811.47,-1154811.47,60114500.53,60114500.53,396017527.64,0.0,-323231303.11,60114500.53,396017527.64,-323231303.11,-12671724.0
hybrid,235.968842,16,2028-01,2028,1,71625671.66,23137797.23,94763468.89,71072601.65,8502000.0,0.02,15188867.22,3797216.81,11391650.42,11391650.44,-1.0,11391649.44,-251397276.0,-240005626.56,0.68,0.0,-240005625.88,0.0,-240005625.88,hybrid,revolver_only,0.0,1.0,79574601.65,8068451.68,0.0,8068451.68,0.0,396017527.64,404085979.32,400051753.48,0.01876927,7508677.42,7680189.8,1920047.45,5760142.35,5760142.37,5760141.37,72065924.23,72065924.23,404085979.32,0.0,-317471160.76,72065924.91,404085979.32,-317471160.76,-14548893.65
hybrid,235.968842,17,2028-02,2028,2,71625671.66,23137797.23,94763468.89,71072601.65,8502000.0,0.02,15188867.22,3797216.81,11391650.42,11391650.44,-1.0,11391649.44,-240005626.56,-228613977.13,1.66,0.0,-228613975.47,0.0,-228613975.47,hybrid,revolver_only,0.0,1.0,79574601.65,0.0,0.0,0.0,3882972.02,404085979.32,400203007.3,402144493.31,0.01876927,7547956.61,7640910.61,1910227.65,5730682.96,5730682.98,5730681.98,72026645.04,72026645.04,400203007.3,0.0,-311740477.81,72026646.7,400203007.3,-311740477.81,-16435882.8
hybrid,235.968842,18,2028-03,2028,3,71625671.66,23137797.23,94763468.89,71072601.65,8502000.0,0.02,15188867.22,3797216.81,11391650.42,11391650.44,-1.0,11391649.44,-228613977.13,-217222327.69,2.64,0.0,-217222325.05,0.0,-217222325.05,hybrid,revolver_only,0.0,1.0,79574601.65,0.0,0.0,0.0,3843692.83,400203007.3,396359314.48,398281160.89,0.01876927,7475444.7,7713422.52,1928355.63,5785066.89,5785066.91,5785065.91,72099156.95,72099156.95,396359314.48,0.0,-305955410.92,72099159.59,396359314.48,-305955410.92,-18304743.97
hybrid,235.968842,19,2028-04,2028,4,71625671.66,23137797.23,94763468.89,71072601.65,8502000.0,0.02,15188867.22,3797216.81,11391650.42,11391650.44,-1.0,11391649.44,-217222327.69,-205830678.25,3.62,0.0,-205830674.63,0.0,-205830674.63,hybrid,revolver_only,0.0,1.0,79574601.65,0.0,0.0,0.0,3916204.74,396359314.48,392443109.74,394401212.11,0.01876927,7402620.91,7786246.31,1946561.58,5839684.73,5839684.75,5839683.75,72171980.74,72171980.74,392443109.74,0.0,-300115726.19,72171984.36,392443109.74,-300115726.19,-20155399.19
hybrid,235.968842,20,2028-05,2028,5,71625671.66,23137797.23,94763468.89,71072601.65,8502000.0,0.02,15188867.22,3797216.81,11391650.42,11391650.44,-1.0,11391649.44,-205830678.25,-194439028.81,4.6,0.0,-194439024.21,0.0,-194439024.21,hybrid,revolver_only,0.0,1.0,79574601.65,0.0,0.0,0.0,3989028.53,392443109.74,388454081.21,390448595.48,0.01876927,7328433.2,7860434.02,1965108.5,5895325.51,5895325.53,5895324.53,72246168.45,72246168.45,388454081.21,0.0,-294220400.68,72246173.05,388454081.21,-294220400.68,-21987507.49
hybrid,235.968842,21,2028-06,2028,6,76041748.76,24564356.93,100606105.69,75454579.25,8502000.0,0.02,16649526.42,4162381.61,12487144.82,12487144.84,-1.0,12487143.84,-194439028.81,-181951884.98,5.58,0.0,-181951879.4,0.0,-181951879.4,hybrid,revolver_only,0.0,1.0,83956579.25,0.0,0.0,0.0,776733.04,388454081.21,387677348.18,388065714.69,0.01876927,7283708.28,9365818.14,2341454.53,7024363.6,7024363.62,7024362.62,76672870.97,76672870.97,387677348.18,0.0,-287196037.08,76672876.55,387677348.18,-287196037.08,-23808434.55
hybrid,235.968842,22,2028-07,2028,7,76236865.64,24627387.05,100864252.69,75648185.59,8502000.0,3.93,16714063.17,4178515.79,12535547.38,12535551.31,-235.97,12535315.34,-181951884.98,-169416569.63,155.51,0.0,-169416414.13,0.0,-169416414.13,hybrid,revolver_only,0.0,1.0,84150185.59,0.0,0.0,0.0,5058000.72,387677348.18,382619347.46,385148347.82,0.01876927,7228951.45,9485111.72,2371277.93,7113833.79,7113837.72,7113601.75,76921234.14,76921234.14,382619347.46,0.0,-280082203.29,76921389.65,382619347.46,-280082203.29,-25615754.53
hybrid,235.968842,23,2028-08,2028,8,76236849.2,24627381.74,100864230.93,75648173.2,8502000.0,0.0,16714057.73,4178514.43,12535543.3,12535543.3,-0.0,12535543.3,-169416569.63,-156881026.33,241.97,0.0,-156880784.37,0.0,-156880784.37,hybrid,revolver_only,0.0,1.0,84150173.2,0.0,0.0,0.0,5306604.24,382619347.46,377312743.22,379966045.34,0.01876927,7131683.44,9582374.29,2395593.57,7186780.72,7186780.72,7186780.72,77018489.76,77018489.76,377312743.22,0.0,-272895422.57,77018731.73,377312743.22,-272895422.57,-27398588.92
hybrid,235.968842,24,2028-09,2028,9,76236849.2,24627381.74,100864230.93,75648173.2,8502000.0,0.0,16714057.73,4178514.43,12535543.3,12535543.3,-0.0,12535543.3,-156881026.33,-144345483.03,241.97,0.0,-144345241.07,0.0,-144345241.07,hybrid,revolver_only,0.0,1.0,84150173.2,0.0,0.0,0.0,5403859.86,377312743.22,371908883.36,374610813.29,0.01876927,7031169.67,9682888.06,2420722.01,7262166.04,7262166.04,7262166.04,77119003.53,77119003.53,371908883.36,0.0,-265633256.53,77119245.5,371908883.36,-265633256.53,-29156381.34
hybrid,235.968842,25,2028-10,2028,10,76236849.2,24627381.74,100864230.93,75648173.2,8502000.0,0.0,16714057.73,4178514.43,12535543.3,12535543.3,-0.0,12535543.3,-144345483.03,-131809939.73,241.97,0.0,-131809697.77,0.0,-131809697.77,hybrid,revolver_only,0.0,1.0,84150173.2,0.0,0.0,0.0,5504373.63,371908883.36,366404509.74,369156696.55,0.01876927,6928799.91,9785257.82,2446314.46,7338943.37,7338943.37,7338943.37,77221373.29,77221373.29,366404509.74,0.0,-258294313.16,77221615.26,366404509.74,-258294313.16,-30888581.31
hybrid,235.968842,26,2028-11,2028,11,76236849.2,24627381.74,100864230.93,75648173.2,8502000.0,0.0,16714057.73,4178514.43,12535543.3,12535543.3,-0.0,12535543.3,-131809939.73,-119274396.43,241.97,0.0,-119274154.47,0.0,-119274154.47,hybrid,revolver_only,0.0,1.0,84150173.2,0.0,0.0,0.0,5606743.39,366404509.74,360797766.35,363601138.04,0.01876927,6824526.16,9889531.57,2472382.89,7417148.68,7417148.68,7417148.68,77325647.04,77325647.04,360797766.35,0.0,-250877164.48,77325889.01,360797766.35,-250877164.48,-32594712.85
hybrid,235.968842,27,2028-12,2028,12,76236849.2,24627381.74,100864230.93,75648173.2,8502000.0,0.0,16714057.73,4178514.43,12535543.3,12535543.3,-0.0,12535543.3,-119274396.43,-106738853.13,241.97,0.0,-106738611.17,0.0,-106738611.17,hybrid,revolver_only,0.0,1.0,84150173.2,0.0,0.0,0.0,5711017.14,360797766.35,355086749.2,357942257.77,0.01876927,6718313.13,9995744.6,2498936.15,7496808.45,7496808.45,7496808.45,77431860.07,77431860.07,355086749.2,0.0,-243380356.04,77432102.04,355086749.2,-243380356.04,-34274291.13
hybrid,474.029941,28,2029-01,2029,1,100063198.73,16908039.18,116971237.91,81879862.57,8502000.0,3.97,26589371.37,6647342.84,19942028.53,19942032.5,-238.06,19941794.44,-106738853.13,-86797058.69,368.87,0.0,-86796689.82,0.0,-86796689.82,hybrid,revolver_only,0.0,1.0,90381862.57,0.0,0.0,0.0,6991791.94,355086749.2,348094957.27,351590853.24,0.01876927,6599101.94,19990269.43,4997567.36,14992702.07,14992706.04,14992467.98,83782760.63,83782760.63,348094957.27,0.0,-228387653.96,83783129.5,348094957.27,-228387653.96,-35924173.8
hybrid,474.029941,29,2029-02,2029,2,100063178.6,16908035.78,116971214.39,81879850.07,8502000.0,0.0,26589364.32,6647341.08,19942023.24,19942023.24,-0.0,19942023.24,-86797058.69,-66855035.46,480.03,0.0,-66854555.43,0.0,-66854555.43,hybrid,revolver_only,0.0,1.0,90381850.07,0.0,0.0,0.0,13342933.8,348094957.27,334752023.47,341423490.37,0.01876927,6408268.01,20181096.31,5045274.08,15135822.23,15135822.23,15135822.23,83973582.06,83973582.06,334752023.47,0.0,-213251831.73,83974062.09,334752023.47,-213251831.73,-37526129.65
hybrid,474.029941,30,2029-03,2029,3,100063178.6,16908035.78,116971214.39,81879850.07,8502000.0,0.0,26589364.32,6647341.08,19942023.24,19942023.24,-0.0,19942023.24,-66855035.46,-46913012.22,480.03,0.0,-46912532.19,0.0,-46912532.19,hybrid,revolver_only,0.0,1.0,90381850.07,0.0,0.0,0.0,13533755.23,334752023.47,321218268.24,327985145.85,0.01876927,6156040.16,20433324.16,5108331.04,15324993.12,15324993.12,15324993.12,84225809.91,84225809.91,321218268.24,0.0,-197926838.61,84226289.94,321218268.24,-197926838.61,-39065139.69
hybrid,474.029941,31,2029-04,2029,4,100063178.6,16908035.78,116971214.39,81879850.07,8502000.0,0.0,26589364.32,6647341.08,19942023.24,19942023.24,-0.0,19942023.24,-46913012.22,-26970988.98,480.03,0.0,-26970508.95,0.0,-26970508.95,hybrid,revolver_only,0.0,1.0,90381850.07,0.0,0.0,0.0,13785983.08,321218268.24,307432285.15,314325276.7,0.01876927,5899654.45,20689709.87,5172427.47,15517282.4,15517282.4,15517282.4,84482195.62,84482195.62,307432285.15,0.0,-182409556.21,84482675.65,307432285.15,-182409556.21,-40540053.3
hybrid,474.029941,32,2029-05,2029,5,100063178.6,16908035.78,116971214.39,81879850.07,8502000.0,0.0,26589364.32,6647341.08,19942023.24,19942023.24,-0.0,19942023.24,-26970988.98,-7028965.75,480.03,0.0,-7028485.72,0.0,-7028485.72,hybrid,revolver_only,0.0,1.0,90381850.07,0.0,0.0,0.0,14042368.79,307432285.15,293389916.37,300411100.76,0.01876927,5638495.6,20950868.72,5237717.18,15713151.54,15713151.54,15713151.54,84743354.47,84743354.47,293389916.37,0.0,-166696404.66,84743834.5,293389916.37,-166696404.66,-41949677.2
hybrid,474.029941,33,2029-06,2029,6,100063178.6,16908035.78,116971214.39,81879850.07,8502000.0,0.0,26589364.32,6647341.08,19942023.24,19942023.24,-0.0,19942023.24,-7028965.75,12913057.49,480.03,0.0,12913537.52,0.0,12913537.52,hybrid,revolver_only,0.0,1.0,90381850.07,0.0,0.0,0.0,14303527.64,293389916.37,279086388.72,286238152.55,0.01876927,5372479.77,21216884.55,5304221.14,15912663.41,15912663.41,15912663.41,85009370.3,85009370.3,279086388.72,0.0,-150783741.25,85009850.33,279086388.72,-150783741.25,-43292797.14
hybrid,474.029941,34,2029-07,2029,7,100063178.6,16908035.78,116971214.39,81879850.07,8502000.0,0.0,26589364.32,6647341.08,19942023.24,19942023.24,-0.0,19942023.24,12913057.49,32855080.73,480.03,0.0,32855560.76,0.0,32855560.76,hybrid,revolver_only,0.0,1.0,90381850.07,0.0,0.0,0.0,14569543.47,279086388.72,264516845.26,271801616.99,0.01876927,5101516.61,21487847.71,5371961.93,16115885.78,16115885.78,16115885.78,85280333.46,85280333.46,264516845.26,0.0,-134667855.47,85280813.49,264516845.26,-134667855.47,-44568176.29
hybrid,474.029941,35,2029-08,2029,8,100063178.6,16908035.78,116971214.39,81879850.07,8502000.0,0.0,26589364.32,6647341.08,19942023.24,19942023.24,-0.0,19942023.24,32855080.73,52797103.96,480.03,0.0,52797583.99,0.0,52797583.99,hybrid,revolver_only,0.0,1.0,90381850.07,0.0,0.0,0.0,14840506.63,264516845.26,249676338.63,257096591.94,0.01876927,4825514.1,21763850.22,5440962.56,16322887.67,16322887.67,16322887.67,85556335.97,85556335.97,249676338.63,0.0,-118344967.8,85556816.0,249676338.63,-118344967.8,-45774554.82
hybrid,474.029941,36,2029-09,2029,9,100063178.6,16908035.78,116971214.39,81879850.07,8502000.0,0.0,26589364.32,6647341.08,19942023.24,19942023.24,-0.0,19942023.24,52797103.96,72739127.2,480.03,0.0,72739607.23,0.0,72739607.23,hybrid,revolver_only,0.0,1.0,90381850.07,0.0,0.0,0.0,15116509.14,249676338.63,234559829.48,242118084.05,0.01876927,4544378.51,22044985.81,5511246.45,16533739.36,16533739.36,16533739.36,85837471.56,85837471.56,234559829.48,0.0,-101811228.45,85837951.59,234559829.48,-101811228.45,-46910649.45
hybrid,474.029941,37,2029-10,2029,10,100063178.6,16908035.78,116971214.39,81879850.07,8502000.0,0.0,26589364.32,6647341.08,19942023.24,19942023.24,-0.0,19942023.24,72739127.2,92681150.44,480.03,0.0,92681630.47,0.0,92681630.47,hybrid,revolver_only,0.0,1.0,90381850.07,0.0,0.0,0.0,15397644.73,234559829.48,219162184.75,226861007.12,0.01876927,4258014.39,22331349.93,5582837.48,16748512.45,16748512.45,16748512.45,86123835.68,86123835.68,219162184.75,0.0,-85062716.0,86124315.71,219162184.75,-85062716.0,-47975153.04
hybrid,474.029941,38,2029-11,2029,11,100063178.6,16908035.78,116971214.39,81879850.07,8502000.0,0.0,26589364.32,6647341.08,19942023.24,19942023.24,-0.0,19942023.24,92681150.44,112623173.67,480.03,0.0,112623653.7,0.0,112623653.7,hybrid,revolver_only,0.0,1.0,90381850.07,0.0,0.0,0.0,15684008.85,219162184.75,203478175.9,211320180.33,0.01876927,3966324.49,22623039.83,5655759.96,16967279.87,16967279.87,16967279.87,86415525.58,86415525.58,203478175.9,0.0,-68095436.13,86416005.61,203478175.9,-68095436.13,-48966734.16
hybrid,474.029941,39,2029-12,2029,12,100063178.6,16908035.78,116971214.39,81879850.07,8502000.0,0.0,26589364.32,6647341.08,19942023.24,19942023.24,-0.0,19942023.24,112623173.67,132565196.91,480.03,0.0,132565676.94,0.0,132565676.94,hybrid,revolver_only,0.0,1.0,90381850.07,0.0,0.0,0.0,15975698.75,203478175.9,187502477.15,195490326.53,0.01876927,3669209.77,22920154.55,5730038.64,17190115.91,17190115.91,17190115.91,86712640.3,86712640.3,187502477.15,0.0,-50905320.21,86713120.33,187502477.15,-50905320.21,-49884036.61
hybrid,533.950803,40,2030-01,2030,1,116091650.21,17475228.76,133566878.97,86818470.33,8502000.0,1.0,38246407.64,9561601.91,28684805.73,28684806.73,-59.92,28684746.81,132565196.91,161249943.72,499.95,0.0,161250443.67,0.0,161250443.67,hybrid,revolver_only,0.0,1.0,95320470.33,0.0,0.0,0.0,20076916.78,187502477.15,167425560.37,177464018.76,0.01876927,3330869.22,34915538.42,8728884.61,26186653.82,26186654.82,26186594.9,91989601.11,91989601.11,167425560.37,0.0,-24718666.39,91990101.06,167425560.37,-24718666.39,-50716792.91
hybrid,533.950803,41,2030-02,2030,2,116091644.67,17475227.93,133566872.6,86818467.19,8502000.0,0.0,38246405.41,9561601.35,28684804.06,28684804.06,-0.0,28684804.06,161249943.72,189934747.78,539.95,0.0,189935287.73,0.0,189935287.73,hybrid,revolver_only,0.0,1.0,95320467.19,0.0,0.0,0.0,25353937.98,167425560.37,142071622.39,154748591.38,0.01876927,2904517.34,35341888.07,8835472.02,26506416.05,26506416.05,26506416.05,92415949.85,92415949.85,142071622.39,0.0,1787749.66,92416489.8,142071622.39,1787749.66,-51442882.24
hybrid,533.950803,42,2030-03,2030,3,116091644.67,17475227.93,133566872.6,86818467.19,8502000.0,0.0,38246405.41,9561601.35,28684804.06,28684804.06,-0.0,28684804.06,189934747.78,218619551.83,539.95,0.0,218620091.78,0.0,218620091.78,hybrid,revolver_only,0.0,1.0,95320467.19,0.0,0.0,0.0,25780286.72,142071622.39,116291335.66,129181479.02,0.01876927,2424641.43,35821763.98,8955441.0,26866322.99,26866322.99,26866322.99,92895825.76,92895825.76,116291335.66,0.0,28654072.65,92896365.71,116291335.66,28654072.65,-52049042.6
hybrid,533.950803,43,2030-04,2030,4,116091644.67,17475227.93,133566872.6,86818467.19,8502000.0,0.0,38246405.41,9561601.35,28684804.06,28684804.06,-0.0,28684804.06,218619551.83,247304355.89,539.95,0.0,247304895.84,0.0,247304895.84,hybrid,revolver_only,0.0,1.0,95320467.19,0.0,0.0,0.0,26260162.63,116291335.66,90031173.03,103161254.35,0.01876927,1936260.93,36310144.48,9077536.12,27232608.36,27232608.36,27232608.36,93384206.26,93384206.26,90031173.03,0.0,55886681.0,93384746.21,90031173.03,55886681.0,-52533107.83
hybrid,533.950803,44,2030-05,2030,5,116091644.67,17475227.93,133566872.6,86818467.19,8502000.0,0.0,38246405.41,9561601.35,28684804.06,28684804.06,-0.0,28684804.06,247304355.89,275989159.95,539.95,0.0,275989699.9,0.0,275989699.9,hybrid,revolver_only,0.0,1.0,95320467.19,0.0,0.0,0.0,26748543.13,90031173.03,63282629.91,76656901.47,0.01876927,1438793.71,36807611.7,9201902.93,27605708.78,27605708.78,27605708.78,93881673.48,93881673.48,63282629.91,0.0,83492389.78,93882213.43,63282629.91,83492389.78,-52892806.25
hybrid,533.950803,45,2030-06,2030,6,116091644.67,17475227.93,133566872.6,86818467.19,8502000.0,0.0,38246405.41,9561601.35,28684804.06,28684804.06,-0.0,28684804.06,275989159.95,304673964.01,539.95,0.0,304674503.96,0.0,304674503.96,hybrid,revolver_only,0.0,1.0,95320467.19,0.0,0.0,0.0,27246010.35,63282629.91,36036619.55,49659624.73,0.01876927,932074.66,37314330.75,9328582.69,27985748.06,27985748.06,27985748.06,94388392.53,94388392.53,36036619.55,0.0,111478137.84,94388932.48,36036619.55,111478137.84,-53125824.92
hybrid,533.950803,46,2030-07,2030,7,116091644.67,17475227.93,133566872.6,86818467.19,8502000.0,0.0,38246405.41,9561601.35,28684804.06,28684804.06,-0.0,28684804.06,304673964.01,333358768.06,539.95,0.0,333359308.01,0.0,333359308.01,hybrid,revolver_only,0.0,1.0,95320467.19,0.0,0.0,0.0,27752729.4,36036619.55,8283890.16,22160254.85,0.01876927,415931.7,37830473.71,9457618.43,28372855.28,28372855.28,28372855.28,94904535.49,94904535.49,8283890.16,0.0,139850993.12,94905075.44,8283890.16,139850993.12,-53229807.84
hybrid,533.950803,47,2030-08,2030,8,116091644.67,17475227.93,133566872.6,86818467.19,8502000.0,0.0,38246405.41,9561601.35,28684804.06,28684804.06,-0.0,28684804.06,333358768.06,362043572.12,539.95,0.0,362044112.07,0.0,362044112.07,hybrid,revolver_only,0.0,1.0,95320467.19,0.0,0.0,0.0,8283890.16,8283890.16,0.0,4141945.08,0.01876927,77741.27,38168664.14,9542166.04,28626498.11,28626498.11,28626498.11,115227708.13,115227708.13,0.0,0.0,168477491.23,115228248.08,0.0,168477491.23,-53249243.15
hybrid,533.950803,48,2030-09,2030,9,116091644.67,17475227.93,133566872.6,86818467.19,8502000.0,0.0,38246405.41,9561601.35,28684804.06,28684804.06,-0.0,28684804.06,362043572.12,390728376.18,539.95,0.0,390728916.13,0.0,390728916.13,hybrid,revolver_only,0.0,1.0,95320467.19,0.0,0.0,0.0,0.0,0.0,0.0,0.0,0.01876927,0.0,38246405.41,9561601.35,28684804.06,28684804.06,28684804.06,143912512.19,143912512.19,0.0,0.0,197162295.29,143913052.14,0.0,197162295.29,-53249243.15
hybrid,533.950803,49,2030-10,2030,10,116091644.67,17475227.93,133566872.6,86818467.19,8502000.0,0.0,38246405.41,9561601.35,28684804.06,28684804.06,-0.0,28684804.06,390728376.18,419413180.24,539.95,0.0,419413720.19,0.0,419413720.19,hybrid,revolver_only,0.0,1.0,95320467.19,0.0,0.0,0.0,0.0,0.0,0.0,0.0,0.01876927,0.0,38246405.41,9561601.35,28684804.06,28684804.06,28684804.06,172597316.25,172597316.25,0.0,0.0,225847099.35,172597856.2,0.0,225847099.35,-53249243.15
hybrid,533.950803,50,2030-11,2030,11,116091644.67,17475227.93,133566872.6,86818467.19,8502000.0,0.0,38246405.41,9561601.35,28684804.06,28684804.06,-0.0,28684804.06,419413180.24,448097984.29,539.95,0.0,448098524.24,0.0,448098524.24,hybrid,revolver_only,0.0,1.0,95320467.19,0.0,0.0,0.0,0.0,0.0,0.0,0.0,0.01876927,0.0,38246405.41,9561601.35,28684804.06,28684804.06,28684804.06,201282120.31,201282120.31,0.0,0.0,254531903.41,201282660.26,0.0,254531903.41,-53249243.14
hybrid,533.950803,51,2030-12,2030,12,116091644.67,17475227.93,133566872.6,86818467.19,8502000.0,0.0,38246405.41,9561601.35,28684804.06,28684804.06,-0.0,28684804.06,448097984.29,476782788.35,539.95,0.0,476783328.3,0.0,476783328.3,hybrid,revolver_only,0.0,1.0,95320467.19,0.0,0.0,0.0,0.0,0.0,0.0,0.0,0.01876927,0.0,38246405.41,9561601.35,28684804.06,28684804.06,28684804.06,229966924.37,229966924.37,0.0,0.0,283216707.46,229967464.32,0.0,283216707.46,-53249243.14
hybrid,23.998097,1,2026-10,2026,10,0.0,0.0,0.0,31948800.0,8502000.0,0.0,-40450800.0,0.0,-40450800.0,-40450800.0,-0.0,-40450800.0,0.0,-40450800.0,0.0,0.0,-40450800.0,0.0,-40450800.0,hybrid,mix,0.5,0.5,40450800.0,80901600.0,40450800.0,40450800.0,0.0,0.0,40450800.0,20225400.0,0.01876927,379615.89,-40830415.89,0.0,-40830415.89,-40830415.89,-40830415.89,40071184.11,40071184.11,40450800.0,40450800.0,-40830415.89,40071184.11,40450800.0,-379615.89,0.0
hybrid,23.998097,2,2026-11,2026,11,0.0,0.0,0.0,31948800.0,8502000.0,0.0,-40450800.0,0.0,-40450800.0,-40450800.0,-0.0,-40450800.0,-40450800.0,-80901600.0,0.0,0.0,-80901600.0,0.0,-80901600.0,hybrid,mix,0.5,0.5,40450800.0,40830415.89,20415207.95,20415207.95,0.0,40450800.0,60866007.95,50658403.97,0.01876927,950821.01,-41401621.01,0.0,-41401621.01,-41401621.01,-41401621.01,39499978.99,39499978.99,60866007.95,60866007.95,-82232036.91,39499978.99,60866007.95,-21366028.96,0.0
hybrid,23.998097,3,2026-12,2026,12,0.0,0.0,0.0,31948800.0,8502000.0,0.0,-40450800.0,0.0,-40450800.0,-40450800.0,-0.0,-40450800.0,-80901600.0,-121352400.0,0.0,0.0,-121352400.0,0.0,-121352400.0,hybrid,mix,0.5,0.5,40450800.0,41401621.01,20700810.51,20700810.51,0.0,60866007.95,81566818.45,71216413.2,0.01876927,1336679.74,-41787479.74,0.0,-41787479.74,-41787479.74,-41787479.74,39114120.26,39114120.26,81566818.45,81566818.45,-124019516.65,39114120.26,81566818.45,-42452698.2,0.0
hybrid,91.300283,4,2027-01,2027,1,0.0,0.0,0.0,41635776.0,8502000.0,0.0,-50137776.0,0.0,-50137776.0,-50137776.0,-0.0,-50137776.0,-121352400.0,-171490176.0,0.0,0.0,-171490176.0,0.0,-171490176.0,hybrid,mix,0.5,0.5,50137776.0,61161431.74,30580715.87,30580715.87,0.0,81566818.45,112147534.32,96857176.39,0.01876927,1817938.02,-51955714.02,0.0,-51955714.02,-51955714.02,-51955714.02,48319837.98,48319837.98,112147534.32,112147534.32,-175975230.67,48319837.98,112147534.32,-63827696.35,-0.0
hybrid,91.300283,5,2027-02,2027,2,0.0,0.0,0.0,50459136.0,8502000.0,0.0,-58961136.0,0.0,-58961136.0,-58961136.0,-0.0,-58961136.0,-171490176.0,-230451312.0,0.0,0.0,-230451312.0,0.0,-230451312.0,hybrid,mix,0.5,0.5,58961136.0,69602434.02,34801217.01,34801217.01,0.0,112147534.32,146948751.34,129548142.83,0.01876927,2431523.44,-61392659.44,0.0,-61392659.44,-61392659.44,-61392659.44,56529612.56,56529612.56,146948751.34,146948751.34,-237367890.11,56529612.56,146948751.34,-90419138.78,0.0
hybrid,91.300283,6,2027-03,2027,3,0.0,0.0,0.0,50459136.0,8502000.0,0.0,-58961136.0,0.0,-58961136.0,-58961136.0,-0.0,-58961136.0,-230451312.0,-289412448.0,0.0,0.0,-289412448.0,0.0,-289412448.0,hybrid,mix,0.5,0.5,58961136.0,61392659.44,30696329.72,30696329.72,0.0,146948751.34,177645081.06,162296916.2,0.01876927,3046193.85,-62007329.85,0.0,-62007329.85,-62007329.85,-62007329.85,55914942.15,55914942.15,177645081.06,177645081.06,-299375219.96,55914942.15,177645081.06,-121730138.9,0.0
hybrid,91.300283,7,2027-04,2027,4,44962503.71,20950616.29,65913120.0,52730496.0,8502000.0,0.0,4680624.0,1170156.0,3510468.0,3510468.0,-0.0,3510468.0,-289412448.0,-285901980.0,0.0,0.0,-285901980.0,0.0,-285901980.0,hybrid,mix,0.5,0.5,61232496.0,1807085.85,903542.92,903542.92,0.0,177645081.06,178548623.98,178096852.52,0.01876927,3342747.04,1337876.96,334469.24,1003407.72,1003407.72,1003407.72,57889748.96,57889748.96,178548623.98,178548623.98,-298371812.24,57889748.96,178548623.98,-119823188.26,-835686.76
hybrid,91.300283,8,2027-05,2027,5,44962503.71,20950616.29,65913120.0,52730496.0,8502000.0,0.0,4680624.0,1170156.0,3510468.0,3510468.0,-0.0,3510468.0,-285901980.0,-282391512.0,0.0,0.0,-282391512.0,0.0,-282391512.0,hybrid,mix,0.5,0.5,61232496.0,0.0,0.0,0.0,167720.96,178548623.98,178380903.02,178464763.5,0.01876927,3349652.46,1330971.54,332742.88,998228.65,998228.65,998228.65,57882843.54,57882843.54,178380903.02,178548623.98,-297373583.59,57882843.54,178380903.02,-118824959.61,-1673099.88
hybrid,91.300283,9,2027-06,2027,6,45856390.47,21367129.53,67223520.0,53778816.0,8502000.0,0.0,4942704.0,1235676.0,3707028.0,3707028.0,-0.0,3707028.0,-282391512.0,-278684484.0,0.0,0.0,-278684484.0,0.0,-278684484.0,hybrid,mix,0.5,0.5,62280816.0,690944.46,345472.23,345472.23,0.0,178380903.02,178726375.25,178553639.14,0.01876927,3351320.59,1591383.41,397845.85,1193537.56,1193537.56,1193537.56,58929495.41,58929495.41,178726375.25,178894096.21,-296180046.03,58929495.41,178726375.25,-117285949.82,-2510930.02
hybrid,91.300283,10,2027-07,2027,7,48389069.6,22547250.4,70936320.0,56749056.0,8502000.0,0.0,5685264.0,1421316.0,4263948.0,4263948.0,-0.0,4263948.0,-278684484.0,-274420536.0,0.0,0.0,-274420536.0,0.0,-274420536.0,hybrid,mix,0.5,0.5,65251056.0,2057612.59,1028806.3,1028806.3,0.0,178726375.25,179755181.55,179240778.4,0.01876927,3364217.69,2321046.31,580261.58,1740784.73,1740784.73,1740784.73,61886838.31,61886838.31,179755181.55,179922902.51,-294439261.3,61886838.31,179755181.55,-114516358.79,-3351984.45
hybrid,91.300283,11,2027-08,2027,8,48389069.6,22547250.4,70936320.0,56749056.0,8502000.0,0.0,5685264.0,1421316.0,4263948.0,4263948.0,-0.0,4263948.0,-274420536.0,-270156588.0,0.0,0.0,-270156588.0,0.0,-270156588.0,hybrid,mix,0.5,0.5,65251056.0,0.0,0.0,0.0,899730.31,179755181.55,178855451.24,179305316.39,0.01876927,3365429.02,2319834.98,579958.74,1739876.23,1739876.23,1739876.23,61885626.98,61885626.98,178855451.24,179922902.51,-292699385.06,61885626.98,178855451.24,-112776482.56,-4193341.7
hybrid,91.300283,12,2027-09,2027,9,50325824.23,23449695.77,73775520.0,59020416.0,8502000.0,0.0,6253104.0,1563276.0,4689828.0,4689828.0,-0.0,4689828.0,-270156588.0,-265466760.0,0.0,0.0,-265466760.0,0.0,-265466760.0,hybrid,mix,0.5,0.5,67522416.0,946961.02,473480.51,473480.51,0.0,178855451.24,179328931.75,179092191.49,0.01876927,3361428.82,2891675.18,722918.79,2168756.38,2168756.38,2168756.38,64160987.18,64160987.18,179328931.75,180396383.02,-290530628.68,64160987.18,179328931.75,-110134245.67,-5033698.91
hybrid,91.300283,13,2027-10,2027,10,50325824.23,23449695.77,73775520.0,59020416.0,8502000.0,0.0,6253104.0,1563276.0,4689828.0,4689828.0,-0.0,4689828.0,-265466760.0,-260776932.0,0.0,0.0,-260776932.0,0.0,-260776932.0,hybrid,mix,0.5,0.5,67522416.0,0.0,0.0,0.0,1328399.18,179328931.75,178000532.57,178664732.16,0.01876927,3353405.73,2899698.27,724924.57,2174773.71,2174773.71,2174773.71,64169010.27,64169010.27,178000532.57,180396383.02,-288355854.98,64169010.27,178000532.57,-107959471.96,-5872050.34
hybrid,91.300283,14,2027-11,2027,11,50325824.23,23449695.77,73775520.0,59020416.0,8502000.0,0.0,6253104.0,1563276.0,4689828.0,4689828.0,-0.0,4689828.0,-260776932.0,-256087104.0,0.0,0.0,-256087104.0,0.0,-256087104.0,hybrid,mix,0.5,0.5,67522416.0,0.0,0.0,0.0,1336422.27,178000532.57,176664110.3,177332321.44,0.01876927,3328397.36,2924706.64,731176.66,2193529.98,2193529.98,2193529.98,64194018.64,64194018.64,176664110.3,180396383.02,-286162324.99,64194018.64,176664110.3,-105765941.98,-6704149.68
hybrid,91.300283,15,2027-12,2027,12,50325824.23,23449695.77,73775520.0,59020416.0,8502000.0,0.0,6253104.0,1563276.0,4689828.0,4689828.0,-0.0,4689828.0,-256087104.0,-251397276.0,0.0,0.0,-251397276.0,0.0,-251397276.0,hybrid,mix,0.5,0.5,67522416.0,0.0,0.0,0.0,1361430.64,176664110.3,175302679.65,175983394.98,0.01876927,3303079.0,2950025.0,737506.25,2212518.75,2212518.75,2212518.75,64219337.0,64219337.0,175302679.65,180396383.02,-283949806.24,64219337.0,175302679.65,-103553423.22,-7529919.43
hybrid,235.968842,16,2028-01,2028,1,71625671.66,23137797.23,94763468.89,71072601.65,8502000.0,0.02,15188867.22,3797216.81,11391650.42,11391650.44,-1.0,11391649.44,-251397276.0,-240005626.56,0.68,0.0,-240005625.88,0.0,-240005625.88,hybrid,mix,0.5,0.5,79574601.65,3963615.21,1981807.6,1981807.6,0.0,175302679.65,177284487.26,176293583.46,0.01876927,3308901.01,11879966.21,2969991.55,8909974.66,8909974.68,8909973.68,76265700.64,76265700.64,177284487.26,182378190.62,-275039831.58,76265701.32,177284487.26,-92661640.96,-8357144.97
hybrid,235.968842,17,2028-02,2028,2,71625671.66,23137797.23,94763468.89,71072601.65,8502000.0,0.02,15188867.22,3797216.81,11391650.42,11391650.44,-1.0,11391649.44,-240005626.56,-228613977.13,1.66,0.0,-228613975.47,0.0,-228613975.47,hybrid,mix,0.5,0.5,79574601.65,0.0,0.0,0.0,8082748.43,177284487.26,169201738.82,173243113.04,0.01876927,3251645.92,11937221.3,2984305.33,8952915.98,8952916.0,8952915.0,76322955.73,76322955.73,169201738.82,182378190.62,-266086915.61,76322957.39,169201738.82,-83708724.99,-9170056.45
hybrid,235.968842,18,2028-03,2028,3,71625671.66,23137797.23,94763468.89,71072601.65,8502000.0,0.02,15188867.22,3797216.81,11391650.42,11391650.44,-1.0,11391649.44,-228613977.13,-217222327.69,2.64,0.0,-217222325.05,0.0,-217222325.05,hybrid,mix,0.5,0.5,79574601.65,0.0,0.0,0.0,8140003.52,169201738.82,161061735.3,165131737.06,0.01876927,3099401.35,12089465.87,3022366.47,9067099.4,9067099.42,9067098.42,76475200.3,76475200.3,161061735.3,182378190.62,-257019816.21,76475202.94,161061735.3,-74641625.59,-9944906.78
hybrid,235.968842,19,2028-04,2028,4,71625671.66,23137797.23,94763468.89,71072601.65,8502000.0,0.02,15188867.22,3797216.81,11391650.42,11391650.44,-1.0,11391649.44,-217222327.69,-205830678.25,3.62,0.0,-205830674.63,0.0,-205830674.63,hybrid,mix,0.5,0.5,79574601.65,0.0,0.0,0.0,8292248.09,161061735.3,152769487.22,156915611.26,0.01876927,2945190.71,12243676.51,3060919.13,9182757.38,9182757.4,9182756.4,76629410.94,76629410.94,152769487.22,182378190.62,-247837058.82,76629414.56,152769487.22,-65458868.2,-10681204.45
hybrid,235.968842,20,2028-05,2028,5,71625671.66,23137797.23,94763468.89,71072601.65,8502000.0,0.02,15188867.22,3797216.81,11391650.42,11391650.44,-1.0,11391649.44,-205830678.25,-194439028.81,4.6,0.0,-194439024.21,0.0,-194439024.21,hybrid,mix,0.5,0.5,79574601.65,0.0,0.0,0.0,8446458.73,152769487.22,144323028.49,148546257.85,0.01876927,2788104.1,12400763.12,3100190.78,9300572.34,9300572.36,9300571.36,76786497.55,76786497.55,144323028.49,182378190.62,-238536486.48,76786502.15,144323028.49,-56158295.86,-11378230.47
hybrid,235.968842,21,2028-06,2028,6,76041748.76,24564356.93,100606105.69,75454579.25,8502000.0,0.02,16649526.42,4162381.61,12487144.82,12487144.84,-1.0,12487143.84,-194439028.81,-181951884.98,5.58,0.0,-181951879.4,0.0,-181951879.4,hybrid,mix,0.5,0.5,83956579.25,0.0,0.0,0.0,5317062.14,144323028.49,139005966.34,141664497.41,0.01876927,2658938.51,13990587.91,3497646.98,10492940.93,10492940.95,10492939.95,81297640.74,81297640.74,139005966.34,182378190.62,-228043545.55,81297646.32,139005966.34,-45665354.93,-12042965.1
hybrid,235.968842,22,2028-07,2028,7,76236865.64,24627387.05,100864252.69,75648185.59,8502000.0,3.93,16714063.17,4178515.79,12535547.38,12535551.31,-235.97,12535315.34,-181951884.98,-169416569.63,155.51,0.0,-169416414.13,0.0,-169416414.13,hybrid,mix,0.5,0.5,84150185.59,0.0,0.0,0.0,9682770.49,139005966.34,129323195.85,134164581.1,0.01876927,2518170.59,14195892.58,3548973.14,10646919.43,10646923.36,10646687.39,81632015.0,81632015.0,129323195.85,182378190.62,-217396626.11,81632170.51,129323195.85,-35018435.49,-12672589.85
hybrid,235.968842,23,2028-08,2028,8,76236849.2,24627381.74,100864230.93,75648173.2,8502000.0,0.0,16714057.73,4178514.43,12535543.3,12535543.3,-0.0,12535543.3,-169416569.63,-156881026.33,241.97,0.0,-156880784.37,0.0,-156880784.37,hybrid,mix,0.5,0.5,84150173.2,0.0,0.0,0.0,10017385.1,129323195.85,119305810.76,124314503.3,0.01876927,2333291.87,14380765.86,3595191.46,10785574.39,10785574.39,10785574.39,81816881.33,81816881.33,119305810.76,182378190.62,-206611051.72,81817123.3,119305810.76,-24232861.1,-13255826.36
hybrid,235.968842,24,2028-09,2028,9,76236849.2,24627381.74,100864230.93,75648173.2,8502000.0,0.0,16714057.73,4178514.43,12535543.3,12535543.3,-0.0,12535543.3,-156881026.33,-144345483.03,241.97,0.0,-144345241.07,0.0,-144345241.07,hybrid,mix,0.5,0.5,84150173.2,0.0,0.0,0.0,10202251.43,119305810.76,109103559.33,114204685.04,0.01876927,2143538.01,14570519.72,3642629.93,10927889.79,10927889.79,10927889.79,82006635.19,82006635.19,109103559.33,182378190.62,-195683161.93,82006877.16,109103559.33,-13304971.31,-13791710.86
hybrid,235.968842,25,2028-10,2028,10,76236849.2,24627381.74,100864230.93,75648173.2,8502000.0,0.0,16714057.73,4178514.43,12535543.3,12535543.3,-0.0,12535543.3,-144345483.03,-131809939.73,241.97,0.0,-131809697.77,0.0,-131809697.77,hybrid,mix,0.5,0.5,84150173.2,0.0,0.0,0.0,10392005.29,109103559.33,98711554.04,103907556.68,0.01876927,1950268.48,14763789.25,3690947.31,11072841.94,11072841.94,11072841.94,82199904.72,82199904.72,98711554.04,182378190.62,-184610319.99,82200146.69,98711554.04,-2232129.37,-14279277.97
hybrid,235.968842,26,2028-11,2028,11,76236849.2,24627381.74,100864230.93,75648173.2,8502000.0,0.0,16714057.73,4178514.43,12535543.3,12535543.3,-0.0,12535543.3,-131809939.73,-119274396.43,241.97,0.0,-119274154.47,0.0,-119274154.47,hybrid,mix,0.5,0.5,84150173.2,0.0,0.0,0.0,10585274.82,98711554.04,88126279.22,93418916.63,0.01876927,1753404.41,14960653.32,3740163.33,11220489.99,11220489.99,11220489.99,82396768.79,82396768.79,88126279.22,182378190.62,-173389830.01,82397010.76,88126279.22,8988360.61,-14717629.08
hybrid,235.968842,27,2028-12,2028,12,76236849.2,24627381.74,100864230.93,75648173.2,8502000.0,0.0,16714057.73,4178514.43,12535543.3,12535543.3,-0.0,12535543.3,-119274396.43,-106738853.13,241.97,0.0,-106738611.17,0.0,-106738611.17,hybrid,mix,0.5,0.5,84150173.2,0.0,0.0,0.0,10782138.89,88126279.22,77344140.33,82735209.77,0.01876927,1552879.09,15161178.64,3790294.66,11370883.98,11370883.98,11370883.98,82597294.11,82597294.11,77344140.33,182378190.62,-162018946.02,82597536.08,77344140.33,20359244.6,-15105848.84
hybrid,474.029941,28,2029-01,2029,1,100063198.73,16908039.18,116971237.91,81879862.57,8502000.0,3.97,26589371.37,6647342.84,19942028.53,19942032.5,-238.06,19941794.44,-106738853.13,-86797058.69,368.87,0.0,-86796689.82,0.0,-86796689.82,hybrid,mix,0.5,0.5,90381862.57,0.0,0.0,0.0,12157225.98,77344140.33,65186914.35,71265527.34,0.01876927,1337601.58,25251769.79,6312942.45,18938827.35,18938831.32,18938593.26,89044260.99,89044260.99,65186914.35,182378190.62,-143080118.68,89044629.86,65186914.35,39298071.94,-15440356.43
hybrid,474.029941,29,2029-02,2029,2,100063178.6,16908035.78,116971214.39,81879850.07,8502000.0,0.0,26589364.32,6647341.08,19942023.24,19942023.24,-0.0,19942023.24,-86797058.69,-66855035.46,480.03,0.0,-66854555.43,0.0,-66854555.43,hybrid,mix,0.5,0.5,90381850.07,0.0,0.0,0.0,18604434.16,65186914.35,46582480.19,55884697.27,0.01876927,1048914.7,25540449.62,6385112.41,19155337.22,19155337.22,19155337.22,89332935.37,89332935.37,46582480.19,182378190.62,-123924781.46,89333415.4,46582480.19,58453409.16,-15702473.94
hybrid,474.029941,30,2029-03,2029,3,100063178.6,16908035.78,116971214.39,81879850.07,8502000.0,0.0,26589364.32,6647341.08,19942023.24,19942023.24,-0.0,19942023.24,-66855035.46,-46913012.22,480.03,0.0,-46912532.19,0.0,-46912532.19,hybrid,mix,0.5,0.5,90381850.07,0.0,0.0,0.0,18893108.54,46582480.19,27689371.64,37135925.91,0.01876927,697014.04,25892350.28,6473087.57,19419262.71,19419262.71,19419262.71,89684836.03,89684836.03,27689371.64,182378190.62,-104505518.75,89685316.06,27689371.64,77872671.87,-15876727.45
hybrid,474.029941,31,2029-04,2029,4,100063178.6,16908035.78,116971214.39,81879850.07,8502000.0,0.0,26589364.32,6647341.08,19942023.24,19942023.24,-0.0,19942023.24,-46913012.22,-26970988.98,480.03,0.0,-26970508.95,0.0,-26970508.95,hybrid,mix,0.5,0.5,90381850.07,0.0,0.0,0.0,19245009.2,27689371.64,8444362.44,18066867.04,0.01876927,339101.82,26250262.5,6562565.63,19687696.88,19687696.88,19687696.88,90042748.25,90042748.25,8444362.44,182378190.62,-84817821.88,90043228.28,8444362.44,97560368.74,-15961502.91
hybrid,474.029941,32,2029-05,2029,5,100063178.6,16908035.78,116971214.39,81879850.07,8502000.0,0.0,26589364.32,6647341.08,19942023.24,19942023.24,-0.0,19942023.24,-26970988.98,-7028965.75,480.03,0.0,-7028485.72,0.0,-7028485.72,hybrid,mix,0.5,0.5,90381850.07,0.0,0.0,0.0,8444362.44,8444362.44,0.0,4222181.22,0.01876927,79247.24,26510117.08,6627529.27,19882587.81,19882587.81,19882587.81,101461161.81,101461161.81,0.0,182378190.62,-64935234.06,101461641.84,0.0,117442956.56,-15981314.71
hybrid,474.029941,33,2029-06,2029,6,100063178.6,16908035.78,116971214.39,81879850.07,8502000.0,0.0,26589364.32,6647341.08,19942023.24,19942023.24,-0.0,19942023.24,-7028965.75,12913057.49,480.03,0.0,12913537.52,0.0,12913537.52,hybrid,mix,0.5,0.5,90381850.07,0.0,0.0,0.0,0.0,0.0,0.0,0.0,0.01876927,0.0,26589364.32,6647341.08,19942023.24,19942023.24,19942023.24,121403185.05,121403185.05,0.0,182378190.62,-44993210.82,121403665.08,0.0,137384979.8,-15981314.71
hybrid,474.029941,34,2029-07,2029,7,100063178.6,16908035.78,116971214.39,81879850.07,8502000.0,0.0,26589364.32,6647341.08,19942023.24,19942023.24,-0.0,19942023.24,12913057.49,32855080.73,480.03,0.0,32855560.76,0.0,32855560.76,hybrid,mix,0.5,0.5,90381850.07,0.0,0.0,0.0,0.0,0.0,0.0,0.0,0.01876927,0.0,26589364.32,6647341.08,19942023.24,19942023.24,19942023.24,141345208.29,141345208.29,0.0,182378190.62,-25051187.58,141345688.32,0.0,157327003.04,-15981314.71
hybrid,474.029941,35,2029-08,2029,8,100063178.6,16908035.78,116971214.39,81879850.07,8502000.0,0.0,26589364.32,6647341.08,19942023.24,19942023.24,-0.0,19942023.24,32855080.73,52797103.96,480.03,0.0,52797583.99,0.0,52797583.99,hybrid,mix,0.5,0.5,90381850.07,0.0,0.0,0.0,0.0,0.0,0.0,0.0,0.01876927,0.0,26589364.32,6647341.08,19942023.24,19942023.24,19942023.24,161287231.53,161287231.53,0.0,182378190.62,-5109164.34,161287711.56,0.0,177269026.28,-15981314.71
hybrid,474.029941,36,2029-09,2029,9,100063178.6,16908035.78,116971214.39,81879850.07,8502000.0,0.0,26589364.32,6647341.08,19942023.24,19942023.24,-0.0,19942023.24,52797103.96,72739127.2,480.03,0.0,72739607.23,0.0,72739607.23,hybrid,mix,0.5,0.5,90381850.07,0.0,0.0,0.0,0.0,0.0,0.0,0.0,0.01876927,0.0,26589364.32,6647341.08,19942023.24,19942023.24,19942023.24,181229254.77,181229254.77,0.0,182378190.62,14832858.9,181229734.8,0.0,197211049.52,-15981314.71
hybrid,474.029941,37,2029-10,2029,10,100063178.6,16908035.78,116971214.39,81879850.07,8502000.0,0.0,26589364.32,6647341.08,19942023.24,19942023.24,-0.0,19942023.24,72739127.2,92681150.44,480.03,0.0,92681630.47,0.0,92681630.47,hybrid,mix,0.5,0.5,90381850.07,0.0,0.0,0.0,0.0,0.0,0.0,0.0,0.01876927,0.0,26589364.32,6647341.08,19942023.24,19942023.24,19942023.24,201171278.01,201171278.01,0.0,182378190.62,34774882.14,201171758.04,0.0,217153072.76,-15981314.71
hybrid,474.029941,38,2029-11,2029,11,100063178.6,16908035.78,116971214.39,81879850.07,8502000.0,0.0,26589364.32,6647341.08,19942023.24,19942023.24,-0.0,19942023.24,92681150.44,112623173.67,480.03,0.0,112623653.7,0.0,112623653.7,hybrid,mix,0.5,0.5,90381850.07,0.0,0.0,0.0,0.0,0.0,0.0,0.0,0.01876927,0.0,26589364.32,6647341.08,19942023.24,19942023.24,19942023.24,221113301.25,221113301.25,0.0,182378190.62,54716905.38,221113781.28,0.0,237095096.0,-15981314.71
hybrid,474.029941,39,2029-12,2029,12,100063178.6,16908035.78,116971214.39,81879850.07,8502000.0,0.0,26589364.32,6647341.08,19942023.24,19942023.24,-0.0,19942023.24,112623173.67,132565196.91,480.03,0.0,132565676.94,0.0,132565676.94,hybrid,mix,0.5,0.5,90381850.07,0.0,0.0,0.0,0.0,0.0,0.0,0.0,0.01876927,0.0,26589364.32,6647341.08,19942023.24,19942023.24,19942023.24,241055324.49,241055324.49,0.0,182378190.62,74658928.62,241055804.52,0.0,257037119.24,-15981314.71
hybrid,533.950803,40,2030-01,2030,1,116091650.21,17475228.76,133566878.97,86818470.33,8502000.0,1.0,38246407.64,9561601.91,28684805.73,28684806.73,-59.92,28684746.81,132565196.91,161249943.72,499.95,0.0,161250443.67,0.0,161250443.67,hybrid,mix,0.5,0.5,95320470.33,0.0,0.0,0.0,0.0,0.0,0.0,0.0,0.01876927,0.0,38246407.64,9561601.91,28684805.73,28684806.73,28684746.81,269740071.3,269740071.3,0.0,182378190.62,103343734.35,269740571.25,0.0,285721924.97,-15981353.71
hybrid,533.950803,41,2030-02,2030,2,116091644.67,17475227.93,133566872.6,86818467.19,8502000.0,0.0,38246405.41,9561601.35,28684804.06,28684804.06,-0.0,28684804.06,161249943.72,189934747.78,539.95,0.0,189935287.73,0.0,189935287.73,hybrid,mix,0.5,0.5,95320467.19,0.0,0.0,0.0,0.0,0.0,0.0,0.0,0.01876927,0.0,38246405.41,9561601.35,28684804.06,28684804.06,28684804.06,298424875.36,298424875.36,0.0,182378190.62,132028538.4,298425415.31,0.0,314406729.02,-15981313.71
hybrid,533.950803,42,2030-03,2030,3,116091644.67,17475227.93,133566872.6,86818467.19,8502000.0,0.0,38246405.41,9561601.35,28684804.06,28684804.06,-0.0,28684804.06,189934747.78,218619551.83,539.95,0.0,218620091.78,0.0,218620091.78,hybrid,mix,0.5,0.5,95320467.19,0.0,0.0,0.0,0.0,0.0,0.0,0.0,0.01876927,0.0,38246405.41,9561601.35,28684804.06,28684804.06,28684804.06,327109679.42,327109679.42,0.0,182378190.62,160713342.46,327110219.37,0.0,343091533.08,-15981313.71
hybrid,533.950803,43,2030-04,2030,4,116091644.67,17475227.93,133566872.6,86818467.19,8502000.0,0.0,38246405.41,9561601.35,28684804.06,28684804.06,-0.0,28684804.06,218619551.83,247304355.89,539.95,0.0,247304895.84,0.0,247304895.84,hybrid,mix,0.5,0.5,95320467.19,0.0,0.0,0.0,0.0,0.0,0.0,0.0,0.01876927,0.0,38246405.41,9561601.35,28684804.06,28684804.06,28684804.06,355794483.48,355794483.48,0.0,182378190.62,189398146.52,355795023.43,0.0,371776337.14,-15981313.71
hybrid,533.950803,44,2030-05,2030,5,116091644.67,17475227.93,133566872.6,86818467.19,8502000.0,0.0,38246405.41,9561601.35,28684804.06,28684804.06,-0.0,28684804.06,247304355.89,275989159.95,539.95,0.0,275989699.9,0.0,275989699.9,hybrid,mix,0.5,0.5,95320467.19,0.0,0.0,0.0,0.0,0.0,0.0,0.0,0.01876927,0.0,38246405.41,9561601.35,28684804.06,28684804.06,28684804.06,384479287.54,384479287.54,0.0,182378190.62,218082950.58,384479827.49,0.0,400461141.2,-15981313.7
hybrid,533.950803,45,2030-06,2030,6,116091644.67,17475227.93,133566872.6,86818467.19,8502000.0,0.0,38246405.41,9561601.35,28684804.06,28684804.06,-0.0,28684804.06,275989159.95,304673964.01,539.95,0.0,304674503.96,0.0,304674503.96,hybrid,mix,0.5,0.5,95320467.19,0.0,0.0,0.0,0.0,0.0,0.0,0.0,0.01876927,0.0,38246405.41,9561601.35,28684804.06,28684804.06,28684804.06,413164091.6,413164091.6,0.0,182378190.62,246767754.63,413164631.55,0.0,429145945.25,-15981313.7
hybrid,533.950803,46,2030-07,2030,7,116091644.67,17475227.93,133566872.6,86818467.19,8502000.0,0.0,38246405.41,9561601.35,28684804.06,28684804.06,-0.0,28684804.06,304673964.01,333358768.06,539.95,0.0,333359308.01,0.0,333359308.01,hybrid,mix,0.5,0.5,95320467.19,0.0,0.0,0.0,0.0,0.0,0.0,0.0,0.01876927,0.0,38246405.41,9561601.35,28684804.06,28684804.06,28684804.06,441848895.66,441848895.66,0.0,182378190.62,275452558.69,441849435.61,0.0,457830749.31,-15981313.7
hybrid,533.950803,47,2030-08,2030,8,116091644.67,17475227.93,133566872.6,86818467.19,8502000.0,0.0,38246405.41,9561601.35,28684804.06,28684804.06,-0.0,28684804.06,333358768.06,362043572.12,539.95,0.0,362044112.07,0.0,362044112.07,hybrid,mix,0.5,0.5,95320467.19,0.0,0.0,0.0,0.0,0.0,0.0,0.0,0.01876927,0.0,38246405.41,9561601.35,28684804.06,28684804.06,28684804.06,470533699.72,470533699.72,0.0,182378190.62,304137362.75,470534239.67,0.0,486515553.37,-15981313.7
hybrid,533.950803,48,2030-09,2030,9,116091644.67,17475227.93,133566872.6,86818467.19,8502000.0,0.0,38246405.41,9561601.35,28684804.06,28684804.06,-0.0,28684804.06,362043572.12,390728376.18,539.95,0.0,390728916.13,0.0,390728916.13,hybrid,mix,0.5,0.5,95320467.19,0.0,0.0,0.0,0.0,0.0,0.0,0.0,0.01876927,0.0,38246405.41,9561601.35,28684804.06,28684804.06,28684804.06,499218503.78,499218503.78,0.0,182378190.62,332822166.81,499219043.73,0.0,515200357.43,-15981313.69
hybrid,533.950803,49,2030-10,2030,10,116091644.67,17475227.93,133566872.6,86818467.19,8502000.0,0.0,38246405.41,9561601.35,28684804.06,28684804.06,-0.0,28684804.06,390728376.18,419413180.24,539.95,0.0,419413720.19,0.0,419413720.19,hybrid,mix,0.5,0.5,95320467.19,0.0,0.0,0.0,0.0,0.0,0.0,0.0,0.01876927,0.0,38246405.41,9561601.35,28684804.06,28684804.06,28684804.06,527903307.84,527903307.84,0.0,182378190.62,361506970.86,527903847.79,0.0,543885161.48,-15981313.69
hybrid,533.950803,50,2030-11,2030,11,116091644.67,17475227.93,133566872.6,86818467.19,8502000.0,0.0,38246405.41,9561601.35,28684804.06,28684804.06,-0.0,28684804.06,419413180.24,448097984.29,539.95,0.0,448098524.24,0.0,448098524.24,hybrid,mix,0.5,0.5,95320467.19,0.0,0.0,0.0,0.0,0.0,0.0,0.0,0.01876927,0.0,38246405.41,9561601.35,28684804.06,28684804.06,28684804.06,556588111.9,556588111.9,0.0,182378190.62,390191774.92,556588651.85,0.0,572569965.54,-15981313.69
hybrid,533.950803,51,2030-12,2030,12,116091644.67,17475227.93,133566872.6,86818467.19,8502000.0,0.0,38246405.41,9561601.35,28684804.06,28684804.06,-0.0,28684804.06,448097984.29,476782788.35,539.95,0.0,476783328.3,0.0,476783328.3,hybrid,mix,0.5,0.5,95320467.19,0.0,0.0,0.0,0.0,0.0,0.0,0.0,0.01876927,0.0,38246405.41,9561601.35,28684804.06,28684804.06,28684804.06,585272915.96,585272915.96,0.0,182378190.62,418876578.98,585273455.91,0.0,601254769.6,-15981313.69
